Table Product Code,Page,Product Code,Nominal Conductor Area (mm2),Nominal Conductor Diameter (mm),Nominal Insulation Thickness (mm),Approx. Cable Diameter (mm),Approx. Mass (kg/100m),Max. Pulling Tension on Conductor (kN),Max. Pulling Tension on Stocking Grip (kN),Min. Bending Radius*: During Installation (mm),Min. Bending Radius*: Set in Position (mm),"Max. Conductor Resistance, dc at 200C (Ω/km)","Conductor Resistance, ac at 900C & 50Hz (Ω/km)","Inductance, Trefoil Touching (mH/km)","Inductive Reactance, Trefoil Touching at 50Hz (Ω/km)",Zero Seq. Impedance at 200C & 50Hz (Ω/km),"Capacitance, Phase to Earth (μF/km)",Min. Insulation Resistance at 200C (MΩ.km),Electric Stress at Conductor Screen (kV/mm),Charging Current at Rated Voltage & 50Hz (A/phase/km),Short Circuit Rating,Continuous Current Rating,Inductance (mH/km),"Inductive Reactance, at 50Hz (Ω/km)",Max. Pulling Tension on Conductors (kN),Max. Pulling Tension on Armour Wires (kN),"Inductive, Trefoil Touching (mH/km)","Inductive Reactance, (Ω/km)"
1CCUX3LD,7,1CCUX3LD,25,6.1,2.0,18.6,65,1.8,1.2,340,220,0.727,0.927,0.448,0.141,1.66+ j0.0717,0.318,"8,200",1.19,0.190,3.6,145,,,,,,
1CCUX3LD,7,,35,7.0,2.0,19.6,75,2.5,1.3,350,230,0.524,0.668,0.428,0.134,1.46+ j0.0669,0.350,"7,300",1.17,0.209,5.0,175,,,,,,
1CCUX3LD,7,,50,8.2,2.0,20.7,90,3.5,1.5,370,250,0.387,0.494,0.409,0.128,1.32+ j0.0622,0.390,"6,600",1.14,0.233,7.2,205,,,,,,
1CCUX3LD,7,,70,9.8,2.0,22.3,110,4.9,1.7,400,270,0.268,0.342,0.377,0.118,1.20+ j0.0540,0.448,"5,700",1.11,0.267,10.0,250,,,,,,
1CCUX3LD,7,,95,11.5,2.0,24.0,135,6.7,2.0,430,290,0.193,0.247,0.359,0.113,1.13+ j0.0498,0.507,"5,000",1.09,0.303,13.6,295,,,,,,
1CCUX3LD,7,,120,12.9,2.0,25.4,160,8.4,2.3,460,310,0.153,0.196,0.344,0.108,1.09+ j0.0461,0.556,"4,600",1.08,0.332,17.2,335,,,,,,
1CCUX3LD,7,,150,14.3,2.0,26.8,190,11,2.5,480,320,0.124,0.159,0.333,0.105,1.06+ j0.0438,0.605,"4,200",1.07,0.361,21.5,375,,,,,,
1CCUX3LD,7,,185,16.1,2.0,28.6,225,13,2.9,510,340,0.0991,0.128,0.322,0.101,1.03+ j0.0413,0.666,"3,800",1.06,0.398,26.5,425,,,,,,
1CCUX3LD,7,,240,18.2,2.0,31.0,280,17,3.4,560,370,0.0754,0.0983,0.312,0.0981,1.01+ j0.0388,0.742,"3,400",1.04,0.443,34.3,490,,,,,,
1CCUX3LD,7,,300,20.6,2.0,33.5,340,21,3.9,600,400,0.0601,0.0794,0.303,0.0953,0.995+ j0.0367,0.824,"3,000",1.03,0.492,42.9,550,,,,,,
1CCUX3LD,7,,400,23.5,2.0,37.2,430,25,4.8,670,450,0.0470,0.0635,0.296,0.0930,0.982+ j0.0352,0.943,"2,700",1.02,0.563,57.2,620,,,,,,
1CCUX3LD,7,,500,26.6,2.2,40.9,535,25,5.8,740,490,0.0366,0.0513,0.290,0.0911,0.973+ j0.0340,0.962,"2,600",0.929,0.574,71.5,695,,,,,,
1CCUX3LD,7,,630,30.3,2.4,45.2,675,25,7.1,810,540,0.0283,0.0419,0.285,0.0896,0.965+ j0.0331,0.994,"2,500",0.850,0.594,90.1,780,,,,,,
1CCUX3HD,8,1CCUX3HD,25,6.1,2.0,18.6,70,1.8,1.2,340,220,0.727,0.927,0.448,0.141,1.51+ j0.0717,0.318,"8,200",1.19,0.190,3.6,145,,,,,,
1CCUX3HD,8,,35,7.0,2.0,20.9,90,2.5,1.5,380,250,0.524,0.668,0.442,0.139,1.09+ j0.0696,0.350,"7,300",1.17,0.209,5.0,175,,,,,,
1CCUX3HD,8,,50,8.2,2.0,22.0,115,3.5,1.7,400,260,0.387,0.494,0.421,0.132,0.783+ j0.0647,0.390,"6,600",1.14,0.233,7.2,205,,,,,,
1CCUX3HD,8,,70,9.8,2.0,24.3,155,4.9,2.1,440,290,0.268,0.342,0.395,0.124,0.560+ j0.0575,0.448,"5,700",1.11,0.267,10.0,250,,,,,,
1CCUX3HD,8,,95,11.5,2.0,26.0,185,6.7,2.4,470,310,0.193,0.247,0.375,0.118,0.485+ j0.0530,0.507,"5,000",1.09,0.303,13.6,295,,,,,,
1CCUX3HD,8,,120,12.9,2.0,26.7,205,8.4,2.5,480,320,0.153,0.196,0.354,0.111,0.435+ j0.0530,0.556,"4,600",1.08,0.332,17.2,335,,,,,,
1CCUX3HD,8,,150,14.3,2.0,28.1,235,11,2.8,510,340,0.124,0.159,0.343,0.108,0.406+ j0.0456,0.605,"4,200",1.07,0.361,21.5,370,,,,,,
1CCUX3HD,8,,185,16.1,2.0,30.1,270,13,3.2,540,360,0.0991,0.128,0.333,0.105,0.381+ j0.0430,0.666,"3,800",1.06,0.398,26.5,415,,,,,,
1CCUX3HD,8,,240,18.2,2.0,32.3,325,17,3.6,580,390,0.0754,0.0982,0.321,0.101,0.358+ j0.0404,0.742,"3,400",1.04,0.443,34.3,475,,,,,,
1CCUX3HD,8,,300,20.6,2.0,34.8,385,21,4.2,630,420,0.0601,0.0793,0.311,0.0978,0.343+ j0.0381,0.824,"3,000",1.03,0.492,42.9,530,,,,,,
1CCUX3HD,8,,400,23.5,2.0,38.5,475,25,5.2,690,460,0.0470,0.0634,0.303,0.0953,0.330+ j0.0365,0.943,"2,700",1.02,0.563,57.2,595,,,,,,
1CCUX3HD,8,,500,26.6,2.2,42.2,580,25,6.2,760,510,0.0366,0.0511,0.297,0.0932,0.320+ j0.0351,0.962,"2,600",0.929,0.574,71.5,660,,,,,,
1CCUX3HD,8,,630,30.3,2.4,46.5,720,25,7.6,840,560,0.0283,0.0417,0.291,0.0914,0.312+ j0.0342,0.994,"2,500",0.850,0.594,90.1,735,,,,,,
3CCUX3LD,9,3CCUX3LD,25,6.1,2.0,36.0,160,5.3,4.5,650,430,0.727,0.927,,,3.46+ j0.0720,0.319,"8,200",1.19,0.190,3.6,140,0.380,0.119,,,,
3CCUX3LD,9,,35,7.0,2.0,38.2,195,7.4,5.1,690,460,0.524,0.668,,,3.26+ j0.0671,0.352,"7,300",1.17,0.210,5.0,165,0.364,0.114,,,,
3CCUX3LD,9,,50,8.2,2.0,40.8,235,11,5.8,730,490,0.387,0.494,,,3.12+ j0.0624,0.391,"6,600",1.14,0.234,7.2,195,0.348,0.109,,,,
3CCUX3LD,9,,70,9.8,2.0,44.6,305,15,7.0,800,540,0.268,0.342,,,3.00+ j0.0542,0.449,"5,700",1.11,0.268,10.0,235,0.321,0.101,,,,
3CCUX3LD,9,,95,11.5,2.0,48.6,390,20,8.3,880,580,0.193,0.247,,,2.93+ j0.0499,0.509,"5,000",1.09,0.304,13.6,285,0.307,0.0964,,,,
3CCUX3LD,9,,120,12.9,2.0,51.9,475,25,9.4,930,620,0.153,0.196,,,2.68+ j0.0463,0.558,"4,600",1.08,0.333,17.2,330,0.295,0.0926,,,,
3CCUX3LD,9,,150,14.3,2.0,55.1,560,25,11,990,660,0.124,0.160,,,2.47+ j0.0440,0.607,"4,200",1.07,0.362,21.5,365,0.287,0.0900,,,,
3CCUX3LD,9,,185,16.1,2.0,59.1,675,25,12,1060,710,0.0991,0.128,,,2.29+ j0.0415,0.668,"3,800",1.06,0.399,26.5,410,0.278,0.0874,,,,
3CCUX3LD,9,,240,18.2,2.0,64.2,855,25,14,1160,770,0.0754,0.0987,,,2.13+ j0.0390,0.745,"3,400",1.04,0.445,34.3,475,0.270,0.0847,,,,
3CCUX3LD,9,,300,20.6,2.0,69.5,1050,25,17,1250,830,0.0601,0.0800,,,1.88+ j0.0368,0.827,"3,000",1.03,0.494,42.9,530,0.262,0.0824,,,,
3CALX6LDA,10,3CALX6LDA,25,6.1,2.0,43.0,320,,5.3,770,520,0.727,0.927,,,3.46+ j0.0720,0.319,"8,200",1.19,0.190,3.6,140,0.380,0.119,5.3,7.5,,
3CALX6LDA,10,,35,7.0,2.0,45.2,365,,7.2,810,540,0.524,0.668,,,3.26+ j0.0671,0.352,"7,300",1.17,0.210,5.0,165,0.364,0.114,7.4,8.3,,
3CALX6LDA,10,,50,8.2,2.0,49.7,460,,8.6,890,600,0.387,0.494,,,3.12+ j0.0624,0.391,"6,600",1.14,0.234,7.2,195,0.348,0.109,11,9.8,,
3CALX6LDA,10,,70,9.8,2.0,53.4,550,,10.0,960,640,0.268,0.342,,,3.00+ j0.0542,0.449,"5,700",1.11,0.268,10.0,235,0.321,0.101,15,11,,
3CALX6LDA,10,,95,11.5,2.0,57.5,660,,12,1040,690,0.193,0.247,,,2.93+ j0.0499,0.509,"5,000",1.09,0.304,13.6,285,0.307,0.0964,20,13,,
3CALX6LDA,10,,120,12.9,2.0,61.0,765,,13,1100,730,0.153,0.196,,,2.68+ j0.0463,0.558,"4,600",1.08,0.333,17.2,330,0.295,0.0926,25,15,,
3CALX6LDA,10,,150,14.3,2.0,64.2,870,,14,1160,770,0.124,0.160,,,2.47+ j0.0440,0.607,"4,200",1.07,0.362,21.5,365,0.287,0.0900,25,17,,
3CALX6LDA,10,,185,16.1,2.0,68.4,1010,,16,1230,820,0.0991,0.128,,,2.29+ j0.0415,0.668,"3,800",1.06,0.399,26.5,410,0.278,0.0874,25,19,,
3CALX6LDA,10,,240,18.2,2.0,73.7,1220,,19,1330,880,0.0754,0.0987,,,2.13+ j0.0390,0.745,"3,400",1.04,0.445,34.3,475,0.270,0.0847,25,22,,
3CCUX3HD,11,3CCUX3HD,25,6.1,2.0,36.0,165,5.3,4.5,650,430,0.727,0.927,,,3.07+ j0.0720,0.319,"8,200",1.19,0.190,3.6,140,0.380,0.119,,,,
3CCUX3HD,11,,35,7.0,2.0,38.2,210,7.4,5.1,690,460,0.524,0.668,,,2.16+ j0.0671,0.352,"7,300",1.17,0.210,5.0,165,0.364,0.114,,,,
3CCUX3HD,11,,50,8.2,2.0,40.8,260,11,5.8,730,490,0.387,0.494,,,1.56+ j0.0624,0.391,"6,600",1.14,0.234,7.2,195,0.348,0.109,,,,
3CCUX3HD,11,,70,9.8,2.0,44.8,350,15,7.0,810,540,0.268,0.342,,,1.11+ j0.0542,0.449,"5,700",1.11,0.268,10.0,240,0.321,0.101,,,,
3CCUX3HD,11,,95,11.5,2.0,48.6,435,20,8.3,880,580,0.193,0.247,,,1.03+ j0.0499,0.509,"5,000",1.09,0.304,13.6,290,0.307,0.0964,,,,
3CCUX3HD,11,,120,12.9,2.0,51.9,515,25,9.4,930,620,0.153,0.196,,,0.995+ j0.0463,0.558,"4,600",1.08,0.333,17.2,335,0.295,0.0926,,,,
3CCUX3HD,11,,150,14.3,2.0,55.1,600,25,11,990,660,0.124,0.160,,,0.966+ j0.0440,0.607,"4,200",1.07,0.362,21.5,365,0.287,0.0900,,,,
3CCUX3HD,11,,185,16.1,2.0,59.1,715,25,12,1060,710,0.0991,0.128,,,0.941+ j0.0415,0.668,"3,800",1.06,0.399,26.5,410,0.278,0.0874,,,,
3CCUX3HD,11,,240,18.2,2.0,64.2,890,25,14,1160,770,0.0754,0.0987,,,0.917+ j0.0390,0.745,"3,400",1.04,0.445,34.3,475,0.270,0.0847,,,,
3CCUX3HD,11,,300,20.6,2.0,69.5,1080,25,17,1250,830,0.0601,0.0800,,,0.902+ j0.0368,0.827,"3,000",1.03,0.494,42.9,520,0.262,0.0824,,,,
3CCUX3HDA,12,3CCUX3HDA,25,6.1,2.0,43.0,325,,5.3,770,520,0.727,0.927,,,3.07+ j0.0720,0.319,"8,200",1.19,0.190,3.6,140,0.380,0.119,5.3,7.5,,
3CCUX3HDA,12,,35,7.0,2.0,45.2,380,,7.2,810,540,0.524,0.668,,,2.16+ j0.0671,0.352,"7,300",1.17,0.210,5.0,165,0.364,0.114,7.4,8.3,,
3CCUX3HDA,12,,50,8.2,2.0,49.7,490,,8.6,890,600,0.387,0.494,,,1.56+ j0.0624,0.391,"6,600",1.14,0.234,7.2,195,0.348,0.109,11,9.8,,
3CCUX3HDA,12,,70,9.8,2.0,53.6,600,,10,970,640,0.268,0.342,,,1.11+ j0.0542,0.449,"5,700",1.11,0.268,10.0,240,0.321,0.101,15,12,,
3CCUX3HDA,12,,95,11.5,2.0,57.5,700,,12,1040,690,0.193,0.247,,,1.03+ j0.0499,0.509,"5,000",1.09,0.304,13.6,290,0.307,0.0964,20,13,,
3CCUX3HDA,12,,120,12.9,2.0,61.0,805,,13,1100,730,0.153,0.196,,,0.995+ j0.0463,0.558,"4,600",1.08,0.333,17.2,335,0.295,0.0926,25,15,,
3CCUX3HDA,12,,150,14.3,2.0,64.4,915,,15,1160,770,0.124,0.160,,,0.966+ j0.0440,0.607,"4,200",1.07,0.362,21.5,365,0.287,0.0900,25,17,,
3CCUX3HDA,12,,185,16.1,2.0,68.6,1050,,16,1230,820,0.0991,0.128,,,0.941+ j0.0415,0.668,"3,800",1.06,0.399,26.5,410,0.278,0.0874,25,19,,
3CCUX3HDA,12,,240,18.2,2.0,73.7,1250,,19,1330,880,0.0754,0.0987,,,0.917+ j0.0390,0.745,"3,400",1.04,0.445,34.3,475,0.270,0.0847,25,22,,
1CCUX3HD,13,1CCUX3HD,25,6.1,2.0,18.6,45,1.3,1.2,330,220,1.20,1.54,0.449,0.141,2.37+ j0.0720,0.316,"8,200",1.19,0.189,2.4,115,,,,,,
1CCUX3HD,13,,35,7.1,2.0,19.6,55,1.8,1.3,350,240,0.868,1.11,0.427,0.134,1.80+ j0.0665,0.353,"7,300",1.16,0.211,3.3,135,,,,,,
1CCUX3HD,13,,50,8.1,2.0,20.6,60,2.5,1.5,370,250,0.641,0.822,0.409,0.129,1.57+ j0.0623,0.388,"6,600",1.14,0.232,4.7,160,,,,,,
1CCUX3HD,13,,70,9.8,2.0,22.3,70,3.5,1.7,400,270,0.443,0.568,0.377,0.118,1.38+ j0.0540,0.448,"5,700",1.11,0.267,6.6,195,,,,,,
1CCUX3HD,13,,95,11.5,2.0,24.0,80,4.8,2.0,430,290,0.320,0.411,0.359,0.113,1.25+ j0.0498,0.507,"5,000",1.09,0.303,9.0,230,,,,,,
1CCUX3HD,13,,120,12.9,2.0,25.4,90,6.0,2.3,460,300,0.253,0.325,0.347,0.109,1.19+ j0.0471,0.554,"4,600",1.08,0.331,11.3,260,,,,,,
1CCUX3HD,13,,150,14.2,2.0,26.7,100,7.5,2.5,480,320,0.206,0.265,0.337,0.106,1.14+ j0.0448,0.601,"4,200",1.07,0.359,14.2,295,,,,,,
1CCUX3HD,13,,185,16.0,2.0,28.5,110,9.3,2.8,510,340,0.164,0.211,0.323,0.101,1.10+ j0.0415,0.663,"3,800",1.06,0.395,17.5,330,,,,,,
1CCUX3HD,13,,240,18.1,2.0,30.8,135,12,3.3,550,370,0.125,0.162,0.313,0.0983,1.06+ j0.0390,0.737,"3,400",1.05,0.440,22.7,385,,,,,,
1CCUX3HD,13,,300,20.6,2.0,33.5,155,15,3.9,600,400,0.100,0.130,0.303,0.0953,1.03+ j0.0367,0.824,"3,000",1.03,0.492,28.3,430,,,,,,
1CCUX3HD,13,,400,23.5,2.0,37.2,190,20,4.8,670,450,0.0778,0.102,0.298,0.0935,1.01+ j0.0357,0.943,"2,700",1.02,0.563,37.8,495,,,,,,
1CCUX3HD,13,,500,26.6,2.2,40.9,225,25,5.8,740,490,0.0605,0.0805,0.292,0.0916,0.996+ j0.0344,0.962,"2,600",0.929,0.574,47.2,560,,,,,,
1CCUX3HD,13,,630,30.2,2.4,45.1,280,25,7.1,810,540,0.0469,0.0640,0.285,0.0896,0.982+ j0.0332,0.993,"2,500",0.850,0.593,59.5,635,,,,,,
1CALX3HD,14,1CALX3HD,25,6.1,2.0,18.6,45,1.3,1.2,330,220,1.20,1.54,0.449,0.141,2.37+ j0.0720,0.316,"8,300",1.19,0.189,2.4,115,,,,,,
1CALX3HD,14,,35,7.1,2.0,19.6,55,1.8,1.3,350,240,0.868,1.11,0.427,0.134,1.71+ j0.0665,0.353,"7,300",1.16,0.211,3.3,135,,,,,,
1CALX3HD,14,,50,8.1,2.0,21.9,70,2.5,1.7,390,260,0.641,0.822,0.422,0.133,1.24+ j0.0649,0.388,"6,600",1.14,0.232,4.7,160,,,,,,
1CALX3HD,14,,70,9.8,2.0,23.6,95,3.5,2.0,430,280,0.443,0.568,0.389,0.122,0.871+ j0.0563,0.448,"5,700",1.11,0.267,6.6,195,,,,,,
1CALX3HD,14,,95,11.5,2.0,25.3,120,4.8,2.2,460,300,0.320,0.411,0.370,0.116,0.635+ j0.0519,0.507,"5,000",1.09,0.303,9.0,230,,,,,,
1CALX3HD,14,,120,12.9,2.0,26.7,135,6.0,2.5,480,320,0.253,0.325,0.357,0.112,0.535+ j0.0490,0.554,"4,600",1.08,0.331,11.3,260,,,,,,
1CALX3HD,14,,150,14.2,2.0,28.0,145,7.5,2.8,500,340,0.206,0.265,0.347,0.109,0.488+ j0.0466,0.601,"4,200",1.07,0.359,14.2,290,,,,,,
1CALX3HD,14,,185,16.0,2.0,30.0,160,9.3,3.1,540,360,0.164,0.211,0.334,0.105,0.446+ j0.0432,0.663,"3,800",1.06,0.395,17.5,330,,,,,,
1CALX3HD,14,,240,18.1,2.0,32.1,180,12,3.6,580,390,0.125,0.161,0.322,0.101,0.407+ j0.0405,0.737,"3,400",1.05,0.440,22.7,375,,,,,,
1CALX3HD,14,,300,20.6,2.0,34.8,200,15,4.2,630,420,0.100,0.130,0.311,0.0978,0.382+ j0.0381,0.824,"3,000",1.03,0.492,28.3,425,,,,,,
1CALX3HD,14,,400,23.5,2.0,38.5,235,20,5.2,690,460,0.0778,0.102,0.305,0.0958,0.360+ j0.0369,0.943,"2,700",1.02,0.563,37.8,480,,,,,,
1CALX3HD,14,,500,26.6,2.2,42.2,270,25,6.2,760,510,0.0605,0.0804,0.298,0.0936,0.343+ j0.0356,0.962,"2,600",0.929,0.574,47.2,545,,,,,,
1CALX3HD,14,,630,30.2,2.4,46.4,325,25,7.5,840,560,0.0469,0.0638,0.291,0.0915,0.330+ j0.0342,0.993,"2,500",0.850,0.593,59.5,610,,,,,,
3CCUX3LD,15,3CCUX3LD,25,6.1,2.0,35.9,110,3.8,3.8,650,430,1.20,1.54,,,4.84+ j0.0722,0.317,"8,300",1.19,0.189,2.4,110,0.381,0.120,,,,
3CCUX3LD,15,,35,7.1,2.0,38.4,130,5.3,5.2,690,460,0.868,1.11,,,3.60+ j0.0668,0.354,"7,300",1.16,0.212,3.3,125,0.363,0.114,,,,
3CCUX3LD,15,,50,8.1,2.0,40.7,150,7.5,5.8,730,490,0.641,0.822,,,3.37+ j0.0626,0.390,"6,600",1.14,0.233,4.7,150,0.349,0.110,,,,
3CCUX3LD,15,,70,9.8,2.0,44.6,180,11,7.0,800,540,0.443,0.568,,,3.18+ j0.0542,0.449,"5,700",1.11,0.268,6.6,185,0.321,0.101,,,,
3CCUX3LD,15,,95,11.5,2.0,48.6,215,14,8.3,880,580,0.320,0.411,,,3.05+ j0.0499,0.509,"5,000",1.09,0.304,9.0,225,0.307,0.0964,,,,
3CCUX3LD,15,,120,12.9,2.0,51.8,250,18,9.4,930,620,0.253,0.325,,,2.78+ j0.0472,0.556,"4,600",1.08,0.332,11.3,255,0.298,0.0935,,,,
3CCUX3LD,15,,150,14.2,2.0,54.9,290,23,11,990,660,0.206,0.265,,,2.55+ j0.0449,0.604,"4,200",1.07,0.360,14.2,285,0.290,0.0910,,,,
3CCUX3LD,15,,185,16.0,2.0,58.8,335,25,12,1060,710,0.164,0.211,,,2.35+ j0.0416,0.665,"3,800",1.06,0.397,17.5,320,0.279,0.0875,,,,
3CCUX3LD,15,,240,18.1,2.0,63.9,410,25,14,1150,770,0.125,0.162,,,2.18+ j0.0391,0.740,"3,400",1.05,0.442,22.7,375,0.270,0.0849,,,,
3CCUX3LD,15,,300,20.6,2.0,69.5,490,25,17,1250,830,0.100,0.130,,,1.92+ j0.0368,0.827,"3,000",1.03,0.494,28.3,420,0.262,0.0824,,,,
3CALX3LDA,16,3CALX3LDA,25,6.1,2.0,43.0,270,,3.8,770,520,1.20,1.54,,,4.84+ j0.0721,0.317,"8,300",1.19,0.189,2.4,110,0.381,0.120,3.8,7.4,,
3CALX3LDA,16,,35,7.1,2.0,45.4,300,,5.3,820,550,0.868,1.11,,,3.60+ j0.0668,0.354,"7,300",1.16,0.212,3.3,125,0.363,0.114,5.3,8.3,,
3CALX3LDA,16,,50,8.1,2.0,49.6,375,,7.5,890,590,0.641,0.822,,,3.37+ j0.0626,0.390,"6,600",1.14,0.233,4.7,150,0.349,0.110,7.5,9.8,,
3CALX3LDA,16,,70,9.8,2.0,53.4,425,,10,960,640,0.443,0.568,,,3.18+ j0.0542,0.449,"5,700",1.11,0.268,6.6,185,0.321,0.101,11,11,,
3CALX3LDA,16,,95,11.5,2.0,57.5,485,,12,1040,690,0.320,0.411,,,3.05+ j0.0499,0.509,"5,000",1.09,0.304,9.0,225,0.307,0.0964,14,13,,
3CALX3LDA,16,,120,12.9,2.0,60.9,540,,13,1100,730,0.253,0.325,,,2.78+ j0.0472,0.556,"4,600",1.08,0.332,11.3,255,0.298,0.0935,18,15,,
3CALX3LDA,16,,150,14.2,2.0,64.0,595,,14,1150,770,0.206,0.265,,,2.55+ j0.0449,0.604,"4,200",1.07,0.360,14.2,285,0.290,0.0910,23,17,,
3CALX3LDA,16,,185,16.0,2.0,68.2,665,,16,1230,820,0.164,0.211,,,2.35+ j0.0416,0.665,"3,800",1.06,0.397,17.5,320,0.279,0.0875,25,19,,
3CALX3LDA,16,,240,18.1,2.0,73.4,770,,19,1320,880,0.125,0.162,,,2.18+ j0.0391,0.740,"3,400",1.05,0.442,22.7,375,0.270,0.0849,25,22,,
3CALX3HD,17,3CALX3HD,25,6.1,2.0,35.9,110,3.8,3.8,650,430,1.20,1.54,,,4.48+ j0.0722,0.317,"8,300",1.19,0.189,2.4,110,0.381,0.120,,,,
3CALX3HD,17,,35,7.1,2.0,38.4,130,5.3,5.2,690,460,0.868,1.11,,,3.39+ j0.0668,0.354,"7,300",1.16,0.212,3.3,125,0.363,0.114,,,,
3CALX3HD,17,,50,8.1,2.0,40.7,160,7.5,5.8,730,490,0.641,0.822,,,2.37+ j0.0626,0.390,"6,600",1.14,0.233,4.7,150,0.349,0.110,,,,
3CALX3HD,17,,70,9.8,2.0,44.8,205,11,7.0,810,540,0.443,0.568,,,1.70+ j0.0542,0.449,"5,700",1.11,0.268,6.6,185,0.321,0.101,,,,
3CALX3HD,17,,95,11.5,2.0,48.6,255,14,8.3,880,580,0.320,0.411,,,1.26+ j0.0499,0.509,"5,000",1.09,0.304,9.0,225,0.307,0.0964,,,,
3CALX3HD,17,,120,12.9,2.0,51.8,290,18,9.4,930,620,0.253,0.325,,,1.09+ j0.0472,0.556,"4,600",1.08,0.332,11.3,255,0.298,0.0935,,,,
3CALX3HD,17,,150,14.2,2.0,54.9,330,23,11,990,660,0.206,0.265,,,1.05+ j0.0449,0.604,"4,200",1.07,0.360,14.2,285,0.290,0.0910,,,,
3CALX3HD,17,,185,16.0,2.0,58.8,375,25,12,1060,710,0.164,0.211,,,1.01+ j0.0416,0.665,"3,800",1.06,0.397,17.5,320,0.279,0.0875,,,,
3CALX3HD,17,,240,18.1,2.0,63.9,445,25,14,1150,770,0.125,0.162,,,0.967+ j0.0391,0.740,"3,400",1.05,0.442,22.7,375,0.270,0.0849,,,,
3CALX3HD,17,,300,20.6,2.0,69.5,520,25,17,1250,830,0.100,0.130,,,0.942+ j0.0368,0.827,"3,000",1.03,0.494,28.3,420,0.262,0.0824,,,,
3CALX3LDA,18,3CALX3LDA,25,6.1,2.0,43.0,270,,3.8,770,520,1.20,1.54,,,4.84+ j0.0721,0.317,"8,300",1.19,0.189,2.4,110,0.381,0.120,3.8,7.4,,
3CALX3LDA,18,,35,7.1,2.0,45.4,300,,5.3,820,550,0.868,1.11,,,3.60+ j0.0668,0.354,"7,300",1.16,0.212,3.3,125,0.363,0.114,5.3,8.3,,
3CALX3LDA,18,,50,8.1,2.0,49.6,375,,7.5,890,590,0.641,0.822,,,3.37+ j0.0626,0.390,"6,600",1.14,0.233,4.7,150,0.349,0.110,7.5,9.8,,
3CALX3LDA,18,,70,9.8,2.0,53.4,425,,10,960,640,0.443,0.568,,,3.18+ j0.0542,0.449,"5,700",1.11,0.268,6.6,185,0.321,0.101,11,11,,
3CALX3LDA,18,,95,11.5,2.0,57.5,485,,12,1040,690,0.320,0.411,,,3.05+ j0.0499,0.509,"5,000",1.09,0.304,9.0,225,0.307,0.0964,14,13,,
3CALX3LDA,18,,120,12.9,2.0,60.9,540,,13,1100,730,0.253,0.325,,,2.78+ j0.0472,0.556,"4,600",1.08,0.332,11.3,255,0.298,0.0935,18,15,,
3CALX3LDA,18,,150,14.2,2.0,64.0,595,,14,1150,770,0.206,0.265,,,2.55+ j0.0449,0.604,"4,200",1.07,0.360,14.2,285,0.290,0.0910,23,17,,
3CALX3LDA,18,,185,16.0,2.0,68.2,665,,16,1230,820,0.164,0.211,,,2.35+ j0.0416,0.665,"3,800",1.06,0.397,17.5,320,0.279,0.0875,25,19,,
3CALX3LDA,18,,240,18.1,2.0,73.4,770,,19,1320,880,0.125,0.162,,,2.18+ j0.0391,0.740,"3,400",1.05,0.442,22.7,375,0.270,0.0849,25,22,,
1CCUX6LD,19,1CCUX6LD,25,6.1,2.5,19.6,70,1.8,1.3,350,240,0.727,0.927,0.459,0.144,1.66+ j0.0761,0.266,"9,700",2.00,0.317,3.6,145,,,,,,
1CCUX6LD,19,,35,7.0,2.5,20.6,80,2.5,1.5,370,250,0.524,0.668,0.439,0.138,1.46+ j0.0710,0.292,"8,800",1.95,0.349,5.0,175,,,,,,
1CCUX6LD,19,,50,8.2,2.5,21.7,90,3.5,1.6,390,260,0.387,0.494,0.418,0.131,1.32+ j0.0660,0.324,"8,000",1.90,0.387,7.2,205,,,,,,
1CCUX6LD,19,,70,9.8,2.5,23.3,115,4.9,1.9,420,280,0.268,0.342,0.386,0.121,1.20+ j0.0575,0.371,"6,900",1.84,0.443,10.0,250,,,,,,
1CCUX6LD,19,,95,11.5,2.5,25.0,140,6.7,2.2,450,300,0.193,0.247,0.367,0.115,1.13+ j0.0530,0.418,"6,100",1.80,0.499,13.6,295,,,,,,
1CCUX6LD,19,,120,12.9,2.5,26.4,165,8.4,2.4,480,320,0.153,0.196,0.352,0.110,1.09+ j0.0491,0.458,"5,500",1.78,0.546,17.2,335,,,,,,
1CCUX6LD,19,,150,14.3,2.5,27.8,190,11,2.7,500,330,0.124,0.159,0.341,0.110,1.06+ j0.0466,0.497,"5,100",1.75,0.593,21.5,375,,,,,,
1CCUX6LD,19,,185,16.1,2.5,29.8,230,13,3.1,540,360,0.0991,0.128,0.331,0.107,1.03+ j0.0439,0.546,"4,600",1.73,0.651,26.5,425,,,,,,
1CCUX6LD,19,,240,18.2,2.6,32.2,285,17,3.6,580,390,0.0754,0.0982,0.320,0.104,1.01+ j0.0417,0.586,"4,300",1.65,0.699,34.3,490,,,,,,
1CCUX6LD,19,,300,20.6,2.8,35.1,350,21,4.3,630,420,0.0601,0.0793,0.313,0.0984,0.995+ j0.0401,0.607,"4,100",1.52,0.725,42.9,550,,,,,,
1CCUX6LD,19,,400,23.5,3.0,39.2,440,25,5.4,700,470,0.0470,0.0633,0.307,0.0965,0.982+ j0.0391,0.651,"3,800",1.41,0.777,57.2,620,,,,,,
1CCUX6LD,19,,500,26.6,3.2,43.1,550,25,6.5,770,520,0.0366,0.0510,0.301,0.0946,0.973+ j0.0375,0.682,"3,700",1.32,0.814,71.5,700,,,,,,
1CCUX6LD,19,,630,30.3,3.2,47.0,685,25,7.7,850,560,0.0283,0.0416,0.293,0.0922,0.965+ j0.0356,0.762,"3,300",1.30,0.910,90.1,780,,,,,,
1CCUX6HD,20,1CCUX6HD,25,6.1,2.5,19.6,75,1.8,1.3,350,240,0.727,0.927,0.459,0.144,1.51+ j0.0761,0.266,"9,700",2.00,0.317,3.6,145,,,,,,
1CCUX6HD,20,,35,7.0,2.5,21.9,95,2.5,1.7,390,260,0.524,0.668,0.451,0.142,1.09+ j0.0736,0.292,"8,800",1.95,0.349,5.0,175,,,,,,
1CCUX6HD,20,,50,8.2,2.5,23.0,120,3.5,1.8,410,280,0.387,0.494,0.431,0.135,0.783+ j0.0684,0.324,"8,000",1.90,0.387,7.2,205,,,,,,
1CCUX6HD,20,,70,9.8,2.5,25.3,160,4.9,2.2,460,300,0.268,0.342,0.403,0.127,0.560+ j0.0608,0.371,"6,900",1.84,0.443,10.0,250,,,,,,
1CCUX6HD,20,,95,11.5,2.5,27.0,185,6.7,2.6,490,320,0.193,0.247,0.383,0.120,0.485+ j0.0560,0.418,"6,100",1.80,0.499,13.6,295,,,,,,
1CCUX6HD,20,,120,12.9,2.5,27.7,210,8.4,2.7,500,330,0.153,0.196,0.362,0.114,0.435+ j0.0510,0.458,"5,500",1.78,0.546,17.2,335,,,,,,
1CCUX6HD,20,,150,14.3,2.5,29.1,240,11,3.0,520,350,0.124,0.159,0.350,0.110,0.406+ j0.0483,0.497,"5,100",1.75,0.593,21.5,370,,,,,,
1CCUX6HD,20,,185,16.1,2.5,31.1,275,13,3.4,560,370,0.0991,0.128,0.340,0.107,0.381+ j0.0456,0.546,"4,600",1.73,0.651,26.5,415,,,,,,
1CCUX6HD,20,,240,18.2,2.6,33.7,335,17,4.0,610,400,0.0754,0.0981,0.330,0.104,0.358+ j0.0432,0.586,"4,300",1.65,0.699,34.3,475,,,,,,
1CCUX6HD,20,,300,20.6,2.8,36.6,395,21,4.7,660,440,0.0601,0.0791,0.322,0.101,0.343+ j0.0415,0.607,"4,100",1.52,0.725,42.9,530,,,,,,
1CCUX6HD,20,,400,23.5,3.0,40.7,485,25,5.8,730,490,0.0470,0.0631,0.315,0.0990,0.330+ j0.0403,0.651,"3,800",1.41,0.777,57.2,595,,,,,,
1CCUX6HD,20,,500,26.6,3.2,44.4,595,25,6.9,800,530,0.0366,0.0508,0.307,0.0965,0.320+ j0.0385,0.682,"3,700",1.32,0.814,71.5,665,,,,,,
1CCUX6HD,20,,630,30.3,3.2,48.3,730,25,8.1,870,580,0.0283,0.0414,0.299,0.0940,0.312+ j0.0366,0.762,"3,300",1.30,0.910,90.1,735,,,,,,
3CCUX6LD,21,3CCUX6LD,25,6.1,2.5,38.3,170,5.3,5.1,690,460,0.727,0.927,,,3.46+ j0.0764,0.267,"9,700",2.00,0.319,3.6,140,0.393,0.124,,,,
3CCUX6LD,21,,35,7.0,2.5,40.5,210,7.4,5.8,730,490,0.524,0.668,,,3.26+ j0.0713,0.293,"8,800",1.95,0.350,5.0,170,0.377,0.118,,,,
3CCUX6LD,21,,50,8.2,2.5,43.2,250,11,6.5,780,520,0.387,0.494,,,3.12+ j0.0662,0.325,"8,000",1.90,0.388,7.2,200,0.360,0.113,,,,
3CCUX6LD,21,,70,9.8,2.5,46.9,320,15,7.7,840,560,0.268,0.342,,,3.00+ j0.0577,0.372,"6,900",1.84,0.444,10.0,245,0.332,0.104,,,,
3CCUX6LD,21,,95,11.5,2.5,50.8,405,20,9.0,910,610,0.193,0.247,,,2.72+ j0.0531,0.420,"6,100",1.80,0.501,13.6,290,0.317,0.0994,,,,
3CCUX6LD,21,,120,12.9,2.5,54.0,485,25,10,970,650,0.153,0.196,,,2.50+ j0.0493,0.459,"5,500",1.78,0.548,17.2,325,0.304,0.0954,,,,
3CCUX6LD,21,,150,14.3,2.5,57.4,575,25,12,1030,690,0.124,0.159,,,2.47+ j0.0467,0.499,"5,100",1.75,0.595,21.5,365,0.295,0.0927,,,,
3CCUX6LD,21,,185,16.1,2.5,61.4,695,25,13,1110,740,0.0991,0.128,,,2.29+ j0.0441,0.548,"4,600",1.73,0.654,26.5,410,0.286,0.0899,,,,
3CCUX6LD,21,,240,18.2,2.6,66.8,880,25,16,1200,800,0.0754,0.0986,,,2.13+ j0.0418,0.588,"4,300",1.65,0.702,34.3,465,0.278,0.0875,,,,
3CCUX6LD,21,,300,20.6,2.8,73.3,1080,25,19,1320,880,0.0601,0.0797,,,1.88+ j0.0402,0.610,"4,100",1.52,0.728,42.9,530,0.273,0.0857,,,,
3CCUX6LDA,22,3CCUX6LDA,25,6.1,2.5,45.4,340,,5.3,820,540,0.727,0.927,,,3.46+ j0.0764,0.267,"9,700",2.00,0.319,3.6,140,0.393,0.124,5.3,8.3,,
3CCUX6LDA,22,,35,7.0,2.5,49.2,435,,7.4,890,590,0.524,0.668,,,3.26+ j0.0713,0.293,"8,800",1.95,0.350,5.0,170,0.377,0.118,7.4,9.7,,
3CCUX6LDA,22,,50,8.2,2.5,51.8,490,,9.4,930,620,0.387,0.494,,,3.12+ j0.0662,0.325,"8,000",1.90,0.388,7.2,200,0.360,0.113,11,11,,
3CCUX6LDA,22,,70,9.8,2.5,55.8,580,,11,1000,670,0.268,0.342,,,3.00+ j0.0577,0.372,"6,900",1.84,0.444,10.0,245,0.332,0.104,15,13,,
3CCUX6LDA,22,,95,11.5,2.5,60.2,695,,13,1080,720,0.193,0.247,,,2.72+ j0.0531,0.420,"6,100",1.80,0.501,13.6,290,0.317,0.0994,20,15,,
3CCUX6LDA,22,,120,12.9,2.5,63.4,790,,14,1140,760,0.153,0.196,,,2.50+ j0.0493,0.459,"5,500",1.78,0.548,17.2,325,0.304,0.0954,25,16,,
3CCUX6LDA,22,,150,14.3,2.5,66.8,900,,16,1200,800,0.124,0.159,,,2.47+ j0.0467,0.499,"5,100",1.75,0.595,21.5,365,0.295,0.0927,25,18,,
3CCUX6LDA,22,,185,16.1,2.5,70.8,1040,,18,1270,850,0.0991,0.128,,,2.29+ j0.0441,0.548,"4,600",1.73,0.654,26.5,410,0.286,0.0899,25,21,,
3CCUX6LDA,22,,240,18.2,2.6,78.0,1340,,21,1400,940,0.0754,0.0986,,,2.13+ j0.0418,0.588,"4,300",1.65,0.702,34.3,465,0.278,0.0875,25,25,,
3CCUX6HD,23,3CCUX6HD,25,6.1,2.5,38.3,175,5.3,5.1,690,460,0.727,0.927,,,3.07+ j0.0764,0.267,"9,700",2.00,0.319,3.6,140,0.393,0.124,,,,
3CCUX6HD,23,,35,7.0,2.5,40.5,220,7.4,5.8,730,490,0.524,0.668,,,2.16+ j0.0713,0.293,"8,800",1.95,0.350,5.0,170,0.377,0.118,,,,
3CCUX6HD,23,,50,8.2,2.5,43.2,275,11,6.5,780,520,0.387,0.494,,,1.56+ j0.0662,0.325,"8,000","1,90",0.388,7.2,200,0.360,0.113,,,,
3CCUX6HD,23,,70,9.8,2.5,46.9,360,15,7.7,840,560,0.268,0.342,,,1.11+ j0.0577,0.372,"6,900",1.84,0.444,10.0,245,0.332,0.104,,,,
3CCUX6HD,23,,95,11.5,2.5,51.0,450,20,9.1,920,610,0.193,0.247,,,1.03+ j0.0531,0.420,"6,100",1.80,0.501,13.6,290,0.317,0.0994,,,,
3CCUX6HD,23,,120,12.9,2.5,54.2,530,25,10,980,650,0.153,0.196,,,0.995+ j0.0493,0.459,"5,500",1.78,0.548,17.2,325,0.304,0.0954,,,,
3CCUX6HD,23,,150,14.3,2.5,57.4,615,25,12,1030,690,0.124,0.159,,,0.966+ j0.0467,0.499,"5,100",1.75,0.595,21.5,370,0.295,0.0927,,,,
3CCUX6HD,23,,185,16.1,2.5,61.4,735,25,13,1110,740,0.0991,0.128,,,0.941+ j0.0441,0.548,"4,600",1.73,0.654,26.5,410,0.286,0.0899,,,,
3CCUX6HD,23,,240,18.2,2.6,67.0,920,25,16,1210,800,0.0754,0.0986,,,0.917+ j0.0418,0.588,"4,300",1.65,0.702,34.3,475,0.278,0.0875,,,,
3CCUX6HD,23,,300,20.6,2.8,73.3,1120,25,19,1320,880,0.0601,0.0797,,,0.902+ j0.0402,0.610,"4,100",1.52,0.728,42.9,530,0.273,0.0857,,,,
3CCUX6HDA,24,3CCUX6HDA,25,6.1,2.5,45.4,345,,5.3,820,540,0.727,0.927,,,3.07+ j0.0764,0.267,"9,700",2.00,0.319,3.6,140,0.393,0.124,5.3,8.3,,
3CCUX6HDA,24,,35,7.0,2.5,49.4,450,,7.4,890,590,0.524,0.668,,,2.16+ j0.0713,0.293,"8,800",1.95,0.350,5.0,170,0.377,0.118,7.4,9.7,,
3CCUX6HDA,24,,50,8.2,2.5,52.0,515,,9.5,940,620,0.387,0.494,,,1.56+ j0.0662,0.325,"8,000",1.90,0.388,7.2,200,0.360,0.113,11,11,,
3CCUX6HDA,24,,70,9.8.,2.5,56.0,625,,11,1010,670,0.268,0.342,,,1.11+ j0.0577,0.372,"6,900",1.84,0.444,10.0,245,0.332,0.104,15,13,,
3CCUX6HDA,24,,95,11.5,2.5,60.2,735,,13,1080,720,0.193,0.247,,,1.03+ j0.0531,0.420,"6,100",1.8,0.501,13.6,290,0.317,0.0994,20,15,,
3CCUX6HDA,24,,120,12.9,2.5,63.4,830,,14,1140,760,0.153,0.196,,,0.995+ j0.0493,0.459,"5,500",1.78,0.548,17.2,325,0.304,0.0954,25,16,,
3CCUX6HDA,24,,150,14.3,2.5,66.8,940,,16,1200,800,0.124,0.159,,,0.966+ j0.0467,0.499,"5,100",1.75,0.595,21.5,370,0.295,0.0927,25,18,,
3CCUX6HDA,24,,185,16.1,2.5,71.0,1080,,18,1280,850,0.0991,0.128,,,0.941+ j0.0441,0.548,"4,600",1.73,0.654,26.5,410,0.286,0.0899,25,21,,
3CCUX6HDA,24,,240,18.2,2.6,78.4,1390,,22,1410,940,0.0754,0.0986,,,0.917+ j0.0418,0.588,"4,300",1.65,0.702,34.3,475,0.278,0.0875,25,25,,
1CCUX3LD,25,1CCUX3LD,25,6.1,2.5,19.6,50,1.3,1.3,350,230,1.20,1.54,0.460,0.144,2.37+ j0.0764,0.265,"9,900",2.00,0.316,2.4,115,,,,,,
1CCUX3LD,25,,35,7.1,2.5,20.6,60,1.8,1.5,370,250,0.868,1.11,0.437,0.137,1.80+ j0.0706,0.295,"8,800",1.94,0.352,3.3,135,,,,,,
1CCUX3LD,25,,50,8.1,2.5,21.6,65,2.5,1.6,390,260,0.641,0.822,0.419,0.132,1.57+ j0.0662,0.323,"8,000",1.90,0.385,4.7,160,,,,,,
1CCUX3LD,25,,70,9.8,2.5,23.3,70,3.5,1.9,420,280,0.443,0.568,0.386,0.121,1.38+ j0.0575,0.371,"6,900",1.84,443,6.6,195,,,,,,
1CCUX3LD,25,,95,11.5,2.5,25,85,4.8,2.2,450,300,0.320,0.411,0.367,0.115,1.25+ j0.0530,0.418,"6,100",1.80,0.499,9.0,230,,,,,,
1CCUX3LD,25,,120,12.9,2.5,26.4,90,6.0,2.4,470,320,0.253,0.325,0.355,0.111,1.19+ j0.0500,0.456,"5,600",1.78,0.545,11.3,260,,,,,,
1CCUX3LD,25,,150,14.2,2.5,27.7,100,7.5,2.7,500,330,0.206,0.265,0.344,0.108,1.14+ j0.0476,0.494,"5,100",1.76,0.59,14.2,295,,,,,,
1CCUX3LD,25,,185,16.0,2.5,29.7,120,9.3,3.1,530,360,0.164,0.211,0.331,0.104,1.10+ j0.0441,0.543,"4,600",1.73,0.648,17.5,330,,,,,,
1CCUX3LD,25,,240,18.1,2.6,32.0,140,12,3.6,580,380,0.125,0.161,0.321,0.101,1.06+ j0.0418,0.582,"4,300",1.65,0.695,22.7,385,,,,,,
1CCUX3LD,25,,300,20.6,2.8,35.1,165,15,4.3,630,420,0.100,0.130,0.313,0.0984,1.03+ j0.0401,0.607,"4,100",1.52,0.725,28.3,435,,,,,,
1CCUX3LD,25,,400,23.5,3.0,39.2,200,20,5.4,700,470,0.0778,0.102,0.309,0.0970,1.01+ j0.0395,0.651,"3,800",1.41,0.777,37.8,495,,,,,,
1CCUX3LD,25,,500,26.6,3.2,43.1,240,25,6.5,770,520,0.0605,0.0803,0.303,0.0950,0.996+ j0.0379,0.682,"3,700",1.32,0.814,47.2,560,,,,,,
1CCUX3LD,25,,630,30.2,3.2,46.9,290,25,7.7,840,560,0.0469,0.0638,0.293,0.0922,0.982+ j0.0357,0.761,"3,300",1.30,0.909,59.5,640,,,,,,
1CALX6HD,26,1CALX6HD,25,6.1,2.5,19.6,50,1.3,1.3,350,230,1.20,1.54,0.460,0.144,2.37+ j0.0764,0.265,"9,900",2.00,0.316,2.4,115,,,,,,
1CALX6HD,26,,35,7.1,2.5,20.6,60,1.8,1.5,370,250,0.868,1.11,0.437,0.137,1.71+ j0.0706,0.295,"8,800",1.94,0.352,3.3,135,,,,,,
1CALX6HD,26,,50,8.1,2.5,22.9,75,2.5,1.8,410,280,0.641,0.822,0.432,0.136,1.24+ j0.0686,0.323,"8,000",1.90,0.385,4.7,160,,,,,,
1CALX6HD,26,,70,9.8,2.5,24.6,95,3.5,2.1,440,300,0.443,0.568,0.397,0.125,0.871+ j0.0597,0.371,"6,900",1.84,0.443,6.6,195,,,,,,
1CALX6HD,26,,95,11.5,2.5,26.3,120,4.8,2.4,470,320,0.320,0.411,0.378,0.119,0.635+ j0.0549,0.418,"6,100",1.80,0.499,9.0,230,,,,,,
1CALX6HD,26,,120,12.9,2.5,27.7,135,6.0,2.7,500,330,0.253,0.325,0.365,0.115,0.535+ j0.0519,0.456,"5,600",1.78,0.545,11.3,260,,,,,,
1CALX6HD,26,,150,14.2,2.5,29.0,150,7.5,3.0,520,350,0.206,0.265,0.354,0.111,0.488+ j0.0493,0.494,"5,100",1.76,0.590,14.2,290,,,,,,
1CALX6HD,26,,185,16.0,2.5,31.0,165,9.3,3.4,560,370,0.164,0.211,0.340,0.107,0.446+ j0.0457,0.543,"4,600",1.73,0.648,17.5,330,,,,,,
1CALX6HD,26,,240,18.1,2.6,33.5,185,12,3.9,600,400,0.125,0.161,0.330,0.104,0.407+ j0.0433,0.582,"4,300",1.65,0.695,22.7,380,,,,,,
1CALX6HD,26,,300,20.6,2.8,36.6,210,15,4.7,660,440,0.100,0.130,0.322,0.101,0.382+ j0.0415,0.607,"4,100",1.52,0.725,28.3,425,,,,,,
1CALX6HD,26,,400,23.5,3.0,40.7,250,20,5.8,730,490,0.0778,0.102,0.317,0.0994,0.360+ j0.0407,0.651,"3,800",1.41,0.777,37.8,480,,,,,,
1CALX6HD,26,,500,26.6,3.2,44.4,285,25,6.9,800,530,0.0605,0.0802,0.309,0.0970,0.343+ j0.0390,0.682,"3,700",1.32,0.814,47.2,545,,,,,,
1CALX6HD,26,,630,30.2,3.2,48.2,335,25,8.1,870,580,0.0469,0.0637,0.299,0.0940,0.330+ j0.0367,0.761,"3,300",1.30,0.909,59.5,610,,,,,,
3CALX6LD,27,3CALX6LD,25,6.1,2.5,38.3,120,3.8,3.8,690,460,1.20,1.54,,,4.84+ j0.0766,0.266,"9,900",2.00,0.317,2.4,110,0.394,0.124,,,,
3CALX6LD,27,,35,7.1,2.5,40.7,140,5.3,5.3,730,490,0.868,1.11,,,3.60+ j0.0709,0.296,"8,800",1.94,0.353,3.3,130,0.375,0.118,,,,
3CALX6LD,27,,50,8.1,2.5,43.1,160,7.5,6.5,780,520,0.641,0.822,,,3.37+ j0.0664,0.324,"8,000",1.90,0.387,4.7,155,0.360,0.113,,,,
3CALX6LD,27,,70,9.8,2.5,46.9,195,11,7.7,840,560,0.443,0.568,,,3.18+ j0.0577,0.372,"6,900",1.84,0.444,6.6,190,0.332,0.104,,,,
3CALX6LD,27,,95,11.5,2.5,50.8,230,14,9.0,910,610,0.320,0.411,,,2.84+ j0.0531,0.420,"6,100",1.80,0.501,9.0,225,0.317,0.0994,,,,
3CALX6LD,27,,120,12.9,2.5,53.9,265,18,10,970,650,0.253,0.325,,,2.60+ j0.0502,0.458,"5,600",1.78,0.547,11.3,255,0.307,0.0964,,,,
3CALX6LD,27,,150,14.2,2.5,57.2,305,23,11,1030,690,0.206,0.265,,,2.55+ j0.0477,0.496,"5,100",1.76,0.592,14.2,285,0.298,0.0937,,,,
3CALX6LD,27,,185,16.0,2.5,61.2,355,25,13,1100,730,0.164,0.211,,,2.35+ j0.0442,0.545,"4,600",1.73,0.650,17.5,320,0.287,0.0901,,,,
3CALX6LD,27,,240,18.1,2.6,66.5,430,25,15,1200,800,0.125,0.162,,,2.18+ j0.0420,0.584,"4,300",1.65,0.697,22.7,370,0.279,0.0876,,,,
3CALX6LD,27,,300,20.6,2.8,73.3,525,25,19,1320,880,0.100,0.130,,,1.92+ j0.0402,0.610,"4,100",1.52,0.728,28.3,420,0.273,0.0857,,,,
3CALX6LDA,28,3CALX6LDA,25,6.1,2.5,45.3,290,,3.8,820,540,1.20,1.54,,,4.84+ j0.0766,0.266,"9,900",2.00,0.317,2.4,110,0.394,0.124,3.8,8.3,,
3CALX6LDA,28,,35,7.1,2.5,49.4,365,,5.3,890,590,0.868,1.11,,,3.60+ j0.0709,0.296,"8,800",1.94,0.353,3.3,130,0.375,0.118,5.3,9.8,,
3CALX6LDA,28,,50,8.1,2.5,51.7,400,,7.5,930,620,0.641,0.822,,,3.37+ j0.0664,0.324,"8,000",1.90,0.387,4.7,155,0.360,0.113,7.5,11,,
3CALX6LDA,28,,70,9.8,2.5,55.8,455,,11,1000,670,0.443,0.568,,,3.18+ j0.0577,0.372,"6,900",1.84,0.444,6.6,190,0.332,0.104,11,13,,
3CALX6LDA,28,,95,11.5,2.5,60.2,520,,13,1080,720,0.320,0.411,,,2.84+ j0.0531,0.420,"6,100",1.80,0.501,9.0,225,0.317,0.0994,14,15,,
3CALX6LDA,28,,120,12.9,2.5,63.3,565,,14,1140,760,0.253,0.325,,,2.60+ j0.0502,0.458,"5,600",1.78,0.547,11.3,255,0.307,0.0964,18,16,,
3CALX6LDA,28,,150,14.2,2.5,66.6,630,,16,1200,800,0.206,0.265,,,2.55+ j0.0477,0.496,"5,100",1.76,0.592,14.2,285,0.298,0.0937,23,18,,
3CALX6LDA,28,,185,16.0,2.5,70.5,700,,17,1270,850,0.164,0.211,,,2.35+ j0.0442,0.545,"4,600",1.73,0.650,17.5,320,0.287,0.0901,25,20,,
3CALX6LDA,28,,240,18.1,2.6,77.7,895,,21,1400,930,0.125,0.162,,,2.18+ j0.0420,0.584,"4,300",1.65,0.697,22.7,370,0.279,0.0876,25,25,,
3CALX6HD,29,3CALX6HD,25,6.1,2.5,38.3,120,3.8,3.8,690,460,1.20,1.54,,,4.48+ j0.0766,0.266,"9,900",2.00,0.317,2.4,110,0.394,0.124,,,,
3CALX6HD,29,,35,7.1,2.5,40.7,145,5.3,5.3,730,490,0.868,1.11,,,3.39+ j0.0709,0.296,"8,800",1.94,0.353,3.3,130,0.375,0.118,,,,
3CALX6HD,29,,50,8.1,2.5,43.1,170,7.5,6.5,780,520,0.641,0.822,,,2.46+ j0.0664,0.324,"8,000",1.90,0.387,4.7,155,0.360,0.113,,,,
3CALX6HD,29,,70,9.8,2.5,46.9,215,11,7.7,840,560,0.443,0.568,,,1.70+ j0.0577,0.372,"6,900",1.84,0.444,6.6,190,0.332,0.104,,,,
3CALX6HD,29,,95,11.5,2.5,51.0,270,14,9.1,920,610,0.320,0.411,,,1.26+ j0.0531,0.420,"6,100",1.80,0.501,9.0,225,0.317,0.0994,,,,
3CALX6HD,29,,120,12.9,2.5,54.1,305,18,10,970,650,0.253,0.325,,,1.09+ j0.0502,0.458,"5,600",1.78,0.547,11.3,255,0.307,0.0964,,,,
3CALX6HD,29,,150,14.2,2.5,57.2,345,23,11,1030,690,0.206,0.265,,,1.05+ j0.0477,0.496,"5,100",1.76,0.592,14.2,285,0.298,0.0937,,,,
3CALX6HD,29,,185,16.0,2.5,61.2,395,25,13,1100,730,0.164,0.211,,,1.01+ j0.0442,0.545,"4,600",1.73,0.650,17.5,325,0.287,0.0901,,,,
3CALX6HD,29,,240,18.1,2.6,66.7,470,25,16,1200,800,0.125,0.162,,,0.967+ j0.0420,0.584,"4,300",1.65,0.697,22.7,375,0.279,0.0876,,,,
3CALX6HD,29,,300,20.6,2.8,73.3,560,25,19,1320,880,0.100,0.130,,,0.942+ j0.0402,0.610,"4,100",1.52,0.728,28.3,420,0.273,0.0857,,,,
3CALX6HDA,30,3CALX6HDA,25,6.1,2.5,45.3,290,,3.8,820,540,1.20,1.54,,,4.48+ j0.0766,0.266,"9,900",2.00,0.317,2.4,110,0.394,0.124,3.8,8.3,,
3CALX6HDA,30,,35,7.1,2.5,49.4,370,,5.3,890,590,0.868,1.11,,,3.39+ j0.0709,0.296,"8,800",1.94,0.353,3.3,130,0.375,0.118,5.3,9.8,,
3CALX6HDA,30,,50,8.1,2.5,51.9,415,,7.5,930,620,0.641,0.822,,,2.46+ j0.0664,0.324,"8,000",1.90,0.387,4.7,155,0.360,0.113,7.5,11,,
3CALX6HDA,30,,70,9.8,2.5,56.0,480,,11,1010,670,0.443,0.568,,,1.70+ j0.0577,0.372,"6,900",1.84,0.444,6.6,190,0.332,0.104,11,13,,
3CALX6HDA,30,,95,11.5,2.5,60.2,555,,13,1080,720,0.320,0.411,,,1.26+ j0.0531,0.420,"6,100",1.80,0.501,9.0,225,0.317,0.0994,14,15,,
3CALX6HDA,30,,120,12.9,2.5,63.3,605,,14,1140,760,0.253,0.325,,,1.09+ j0.0502,0.458,"5,600",1.78,0.547,11.3,255,0.307,0.0964,18,16,,
3CALX6HDA,30,,150,14.2,2.5,66.6,670,,16,1200,800,0.206,0.265,,,1.05+ j0.0477,0.496,"5,100",1.76,0.592,14.2,285,0.298,0.0937,23,18,,
3CALX6HDA,30,,185,16.0,2.5,70.7,740,,18,1270,850,0.164,0.211,,,1.01+ j0.0442,0.545,"4,600",1.73,0.650,17.5,325,0.287,0.0901,25,21,,
3CALX6HDA,30,,240,18.1,2.6,78.1,940,,21,1410,940,0.125,0.162,,,0.967+ j0.0420,0.584,"4,300",1.65,0.697,22.7,375,0.279,0.0876,25,25,,
1CCUX11LD,31,1CCUX11LD,25,6.1,3.4,21.4,75,1.8,1.6,390,260,0.727,0.927,0.477,0.150,1.66+ j0.0833,0.211,"12,000",2.64,0.420,3.6,145,,,,,,
1CCUX11LD,31,,35,7.0,3.4,22.4,85,2.5,1.7,400,270,0.524,0.668,0.456,0.143,1.46+ j0.0778,0.230,"11,000",2.56,0.460,5.0,175,,,,,,
1CCUX11LD,31,,50,8.2,3.4,23.5,100,3.5,1.9,420,280,0.387,0.494,0.435,0.137,1.32+ j0.0724,0.254,"10,000",2.49,0.507,7.2,205,,,,,,
1CCUX11LD,31,,70,9.8,3.4,25.1,120,4.9,2.2,450,300,0.268,0.342,0.402,0.126,1.20+ j0.0633,0.289,"8,900",2.40,0.576,10.0,250,,,,,,
1CCUX11LD,31,,95,11.5,3.4,26.8,150,6.7,2.5,480,320,0.193,0.247,0.382,0.120,1.13+ j0.0583,0.324,"7,900",2.33,0.646,13.6,300,,,,,,
1CCUX11LD,31,,120,12.9,3.4,28.2,175,8.4,2.8,510,340,0.153,0.196,0.365,0.115,1.09+ j0.0541,0.353,"7,200",2.29,0.704,17.2,335,,,,,,
1CCUX11LD,31,,150,14.3,3.4,29.8,200,11,3.1,540,360,0.124,0.159,0.355,0.112,1.06+ j0.0513,0.382,"6,600",2.25,0.762,21.5,375,,,,,,
1CCUX11LD,31,,185,16.1,3.4,31.6,240,13,3.5,570,380,0.0991,0.128,0.343,0.108,1.03+ j0.0483,0.418,"6,000",2.22,0.834,26.5,425,,,,,,
1CCUX11LD,31,,240,18.2,3.4,34.0,295,17,4.0,610,410,0.0754,0.0981,0.332,0.104,1.01+ j0.0453,0.463,"5,400",2.18,0.924,34.3,490,,,,,,
1CCUX11LD,31,,300,20.6,3.4,36.7,360,21,4.7,660,440,0.0601,0.0791,0.322,0.101,0.995+ j0.0430,0.516,"4,900",2.14,1.03,42.9,550,,,,,,
1CCUX11LD,31,,400,23.5,3.4,40.4,445,25,5.7,730,480,0.0470,0.0632,0.314,0.0985,0.982+ j0.0409,0.586,"4,300",2.11,1.17,57.2,620,,,,,,
1CCUX11LD,31,,500,26.6,3.4,43.7,555,25,6.7,790,520,0.0366,0.0509,0.304,0.0955,0.973+ j0.0385,0.650,"3,900",2.08,1.30,71.5,700,,,,,,
1CCUX11LD,31,,630,30.3,3.4,47.6,690,25,7.9,860,570,0.0283,0.0415,0.296,0.0930,0.965+ j0.0366,0.725,"3,400",2.06,1.45,90.1,780,,,,,,
1CCUX11HD,32,1CCUX11HD,25,6.1,3.4,21.4,80,1.8,1.6,390,260,0.727,0.927,0.477,0.150,1.51+ j0.0833,0.211,"12,000",2.64,0.420,3.6,145,,,,,,
1CCUX11HD,32,,35,7.0,3.4,23.7,100,2.5,2.0,430,280,0.524,0.668,0.468,0.147,1.09+ j0.0801,0.230,"11,000",2.56,0.460,5.0,175,,,,,,
1CCUX11HD,32,,50,8.2,3.4,24.8,125,3.5,2.1,450,300,0.387,0.494,0.447,0.140,0.783+ j0.0745,0.254,"10,000",2.49,0.507,7.2,205,,,,,,
1CCUX11HD,32,,70,9.8,3.4,27.1,165,4.9,2.6,490,330,0.268,0.342,0.418,0.131,0.560+ j0.0663,0.289,"8,900",2.40,0.576,10,250,,,,,,
1CCUX11HD,32,,95,11.5,3.4,28.1,195,6.7,2.8,510,340,0.193,0.247,0.392,0.123,0.475+ j0.0601,0.324,"7,900",2.33,0.646,13.6,295,,,,,,
1CCUX11HD,32,,120,12.9,3.4,29.5,220,8.4,3.1,530,350,0.153,0.196,0.375,0.118,0.435+ j0.0559,0.353,"7,200",2.29,0.704,17.2,335,,,,,,
1CCUX11HD,32,,150,14.3,3.4,31.1,245,11,3.4,560,370,0.124,0.159,0.364,0.114,0.406+ j0.0529,0.382,"6,600",2.25,0.762,21.5,370,,,,,,
1CCUX11HD,32,,185,16.1,3.4,32.9,285,13,3.8,590,390,0.0991,0.128,0.352,0.110,0.381+ j0.0498,0.418,"6,000",2.22,0.834,26.5,415,,,,,,
1CCUX11HD,32,,240,18.2,3.4,35.3,340,17,4.4,630,420,0.0754,0.0980,0.339,0.107,0.358+ j0.0467,0.463,"5,400",2.18,0.924,34.3,475,,,,,,
1CCUX11HD,32,,300,20.6,3.4,38.0,405,21,5.1,680,460,0.0601,0.0790,0.330,0.104,0.343+ j0.0443,0.516,"4,900",2.14,1.03,42.9,530,,,,,,
1CCUX11HD,32,,400,23.5,3.4,41.7,495,25,6.1,750,500,0.0470,0.0630,0.320,0.101,0.330+ j0.0421,0.586,"4,300",2.11,1.17,57.2,595,,,,,,
1CCUX11HD,32,,500,26.6,3.4,45.0,600,25,7.1,810,540,0.0366,0.0507,0.310,0.0974,0.320+ j0.0395,0.650,"3,900",2.08,1.3,71.5,665,,,,,,
1CCUX11HD,32,,630,30.3,3.4,48.9,735,25,8.4,880,590,0.0283,0.0413,0.302,0.0948,0.312+ j0.0375,0.725,"3,400",2.06,1.45,90.1,735,,,,,,
3CCUX11LD,33,3CCUX11LD,25,6.1,3.4,42.6,195,5.3,5.3,770,510,0.727,0.927,,,3.46+ j0.0836,0.212,"12,000",2.64,0.422,3.6,140,0.415,0.13,,,,
3CCUX11LD,33,,35,7.0,3.4,44.6,230,7.4,7.0,800,540,0.524,0.668,,,3.26+ j0.0781,0.231,"11,000",2.56,0.461,5.0,165,0.397,0.125,,,,
3CCUX11LD,33,,50,8.2,3.4,47.3,270,11,7.8,850,570,0.387,0.494,,,3.12+ j0.0726,0.255,"10,000",2.49,0.509,7.2,195,0.379,0.119,,,,
3CCUX11LD,33,,70,9.8,3.4,51.2,345,15,9.2,920,610,0.268,0.342,,,2.79+ j0.0635,0.290,"8,900",2.40,0.578,10.0,235,0.350,0.110,,,,
3CCUX11LD,33,,95,11.5,3.4,55.1,440,20,11,990,660,0.193,0.247,,,2.54+ j0.0585,0.325,"7,900",2.33,0.648,13.6,280,0.333,0.105,,,,
3CCUX11LD,33,,120,12.9,3.4,58.3,520,25,12,1050,700,0.153,0.196,,,2.34+ j0.0543,0.354,"7,200",2.29,0.706,17.2,325,0.319,0.100,,,,
3CCUX11LD,33,,150,14.3,3.4,61.5,610,25,13,1110,740,0.124,0.159,,,2.17+ j0.0515,0.383,"6,600",2.25,0.764,21.5,365,0.310,0.0973,,,,
3CCUX11LD,33,,185,16.1,3.4,65.5,730,25,15,1180,790,0.0991,0.128,,,2.03+ j0.0485,0.419,"6,000",2.22,0.837,26.5,410,0.300,0.0942,,,,
3CCUX11LD,33,,240,18.2,3.4,70.6,915,25,17,1270,850,0.0754,0.0984,,,1.90+ j0.0454,0.465,"5,400",2.18,0.927,34.3,475,0.290,0.091,,,,
3CCUX11LD,33,,300,20.6,3.4,76.3,1110,25,20,1370,920,0.0601,0.0796,,,1.70+ j0.0431,0.518,"4,900",2.14,1.03,42.9,530,0.282,0.0885,,,,
3CCUX11LDA,34,3CCUX11LDA,25,6.1,3.4,51.3,430,,5.3,920,620,0.727,0.927,,,3.46+ j0.0836,0.212,"12,000",2.64,0.422,3.6,140,0.415,0.130,5.3,11,,
3CCUX11LDA,34,,35,7.0,3.4,53.5,475,,7.4,960,640,0.524,0.668,,,3.26+ j0.0781,0.231,"11,000",2.56,0.461,5.0,165,0.397,0.125,7.4,12,,
3CCUX11LDA,34,,50,8.2,3.4,56.3,535,,11,1010,680,0.387,0.494,,,3.12+ j0.0726,0.255,"10,000",2.49,0.509,7.2,195,0.379,0.119,11,13,,
3CCUX11LDA,34,,70,9.8,3.4,60.4,630,,13,1090,720,0.268,0.342,,,2.79+ j0.0635,0.290,"8,900",2.40,0.578,10.0,235,0.350,0.110,15,15,,
3CCUX11LDA,34,,95,11.5,3.4,64.2,745,,14,1160,770,0.193,0.247,,,2.54+ j0.0585,0.325,"7,900",2.33,0.648,13.6,280,0.333,0.105,20,17,,
3CCUX11LDA,34,,120,12.9,3.4,67.7,850,,16,1220,810,0.153,0.196,,,2.34+ j0.0543,0.354,"7,200",2.29,0.706,17.2,325,0.319,0.100,25,19,,
3CCUX11LDA,34,,150,14.3,3.4,71.1,955,,18,1280,850,0.124,0.159,,,2.17+ j0.0515,0.383,"6,600",2.25,0.764,21.5,365,0.310,0.0973,25,21,,
3CCUX11LDA,34,,185,16.1,3.4,75.2,1100,,20,1350,900,0.0991,0.128,,,2.03+ j0.0485,0.419,"6,000",2.22,0.837,26.5,410,0.300,0.0942,25,23,,
3CCUX11LDA,34,,240,18.2,3.4,82.1,1400,,24,1480,980,0.0754,0.0984,,,1.90+ j0.0454,0.465,"5,400",2.18,0.927,34.3,475,0.290,0.0910,25,25,,
3CCUX11HD,35,3CCUX11HD,25,6.1,3.4,42.6,195,5.3,5.3,770,510,0.727,0.927,,,3.07+ j0.0836,0.212,"12,000",2.64,0.422,3.6,135,0.415,0.130,,,,
3CCUX11HD,35,,35,7.0,3.4,44.8,245,7.4,7.0,810,540,0.524,0.668,,,2.16+ j0.0781,0.231,"11,000",2.56,0.461,5.0,165,0.397,0.125,,,,
3CCUX11HD,35,,50,8.2,3.4,47.5,300,11,7.9,850,570,0.387,0.494,,,1.56+ j0.0726,0.255,"10,000",2.49,0.509,7.2,195,0.379,0.119,,,,
3CCUX11HD,35,,70,9.8,3.4,51.2,390,15,9.2,920,610,0.268,0.342,,,1.11+ j0.0635,0.290,"8,900",2.4,0.578,10,245,0.35,0.110,,,,
3CCUX11HD,35,,95,11.5,3.4,55.1,480,20,11,990,660,0.193,0.247,,,1.03+ j0.0585,0.325,"7,900",2.33,0.648,13.6,290,0.333,0.105,,,,
3CCUX11HD,35,,120,12.9,3.4,58.3,560,25,12,1050,700,0.153,0.196,,,0.995+ j0.0543,0.354,"7,200",2.29,0.706,17.2,330,0.319,0.100,,,,
3CCUX11HD,35,,150,14.3,3.4,61.5,645,25,13,1110,740,0.124,0.159,,,0.966+ j0.0515,0.383,"6,600",2.25,0.764,21.5,370,0.310,0.0973,,,,
3CCUX11HD,35,,185,16.1,3.4,65.5,765,25,15,1180,790,0.0991,0.128,,,0.941+ j0.0485,0.419,"6,000",2.22,0.837,26.5,410,0.300,0.0942,,,,
3CCUX11HD,35,,240,18.2,3.4,70.6,945,25,17,1270,850,0.0754,0.0984,,,0.917+ j0.0454,0.465,"5,400",2.18,0.927,34.3,475,0.29,0.0910,,,,
3CCUX11HD,35,,300,20.6,3.4,76.3,1140,25,20,1370,920,0.0601,0.0796,,,0.902+ j0.0431,0.518,"4,900",2.14,1.03,42.9,530,0.282,0.0885,,,,
3CCUX11LDA,36,3CCUX11LDA,25,6.1,3.4,51.3,430,,5.3,920,620,0.727,0.927,,,3.07+ j0.0836,0.212,"12,000",2.64,0.422,3.6,135,0.415,0.130,5.3,11,,
3CCUX11LDA,36,,35,7.0,3.4,53.7,495,,7.4,970,640,0.524,0.668,,,2.16+ j0.0781,0.231,"11,000",2.56,0.461,5.0,165,0.397,0.125,7.4,12,,
3CCUX11LDA,36,,50,8.2,3.4,56.3,560,,11,1010,680,0.387,0.494,,,1.56+ j0.0726,0.255,"10,000",2.49,0.509,7.2,195,0.379,0.119,11,13,,
3CCUX11LDA,36,,70,9.8,3.4,60.4,675,,13,1090,720,0.268,0.342,,,1.11+ j0.0635,0.290,"8,900",2.4,0.578,10.0,245,0.350,0.110,15,15,,
3CCUX11LDA,36,,95,11.5,3.4,64.4,795,,15,1160,770,0.193,0.247,,,1.03+ j0.0585,0.325,"7,900",2.33,0.648,13.6,290,0.333,0.105,20,17,,
3CCUX11LDA,36,,120,12.9,3.4,67.9,890,,16,1220,810,0.153,0.196,,,0.995+ j0.0543,0.354,"7,200",2.29,0.706,17.2,330,0.319,0.100,25,19,,
3CCUX11LDA,36,,150,14.3,3.4,71.3,995,,18,1280,860,0.124,0.159,,,0.966+ j0.0515,0.383,"6,600",2.25,0.764,21.5,370,0.310,0.0973,25,21,,
3CCUX11LDA,36,,185,16.1,3.4,76.7,1220,,21,1380,920,0.0991,0.128,,,0.941+ j0.0485,0.419,"6,000",2.22,0.837,26.5,410,0.300,0.0942,25,24,,
3CCUX11LDA,36,,240,18.2,3.4,82.1,1440,,24,1480,980,0.0754,0.0984,,,0.917+ j0.0454,0.465,"5,400",2.18,0.927,34.3,475,0.290,0.0910,25,25,,
1CALX11LD,37,1CALX11LD,25,6.1,3.4,21.4,55,1.3,1.3,380,260,1.20,1.54,0.478,0.150,2.37+ j0.0836,0.210,"12,000",2.65,0.419,2.4,115,,,,,,
1CALX11LD,37,,35,7.1,3.4,22.4,65,1.8,1.8,400,270,0.868,1.11,0.455,0.143,1.80+ j0.0774,0.232,"11,000",2.56,0.463,3.3,135,,,,,,
1CALX11LD,37,,50,8.1,3.4,23.4,70,2.5,1.9,420,280,0.641,0.822,0.436,0.137,1.57+ j0.0726,0.253,"10,000",2.49,0.505,4.7,160,,,,,,
1CALX11LD,37,,70,9.8,3.4,25.1,80,3.5,2.2,450,300,0.443,0.568,0.402,0.126,1.38+ j0.0633,0.289,"8,900",2.40,0.576,6.6,195,,,,,,
1CALX11LD,37,,95,11.5,3.4,26.8,90,4.8,2.5,480,320,0.320,0.411,0.382,0.120,1.25+ j0.0583,0.324,"7,900",2.33,0.646,9.0,230,,,,,,
1CALX11LD,37,,120,12.9,3.4,28.2,100,6.0,2.8,510,340,0.253,0.325,0.369,0.116,1.19+ j0.0551,0.352,"7,200",2.29,0.702,11.3,260,,,,,,
1CALX11LD,37,,150,14.2,3.4,29.7,110,7.5,3.1,540,360,0.206,0.265,0.359,0.113,1.14+ j0.0523,0.380,"6,600",2.25,0.758,14.2,290,,,,,,
1CALX11LD,37,,185,16,3.4,31.5,125,9.3,3.5,570,380,0.164,0.211,0.344,0.108,1.10+ j0.0485,0.416,"6,000",2.22,0.830,17.5,330,,,,,,
1CALX11LD,37,,240,18.1,3.4,33.8,150,12,4.0,610,410,0.125,0.161,0.332,0.104,1.06+ j0.0454,0.460,"5,400",2.18,0.918,22.7,380,,,,,,
1CALX11LD,37,,300,20.6,3.4,36.7,175,15,4.7,660,440,0.100,0.130,0.322,0.101,1.03+ j0.0430,0.516,"4,900",2.14,1.03,28.3,425,,,,,,
1CALX11LD,37,,400,23.5,3.4,40.4,210,20,5.7,730,480,0.0778,0.102,0.315,0.099,1.01+ j0.0413,0.586,"4,300",2.11,1.17,37.8,480,,,,,,
1CALX11LD,37,,500,26.6,3.4,43.7,245,25,6.7,790,520,0.0605,0.0803,0.305,0.096,0.996+ j0.0389,0.650,"3,900",2.08,1.30,47.2,545,,,,,,
1CALX11LD,37,,630,30.2,3.4,47.5,295,25,7.9,860,570,0.0469,0.0637,0.296,0.093,0.982+ j0.0366,0.724,"3,400",2.06,1.44,59.5,615,,,,,,
1CALX11LD,38,1CALX11LD,25,6.1,3.4,21.4,55,1.3,1.3,380,260,1.20,1.54,0.478,0.150,2.37+ j0.0836,0.210,"12,000",2.65,0.419,2.4,115,,,,,,
1CALX11LD,38,,35,7.1,3.4,22.4,65,1.8,1.8,400,270,0.868,1.11,0.455,0.143,1.71+ j0.0774,0.232,"11,000",2.56,0.463,3.3,135,,,,,,
1CALX11LD,38,,50,8.1,3.4,24.7,80,2.5,2.1,450,300,0.641,0.822,0.447,0.141,1.24+ j0.0747,0.253,"10,000",2.49,0.505,4.7,160,,,,,,
1CALX11LD,38,,70,9.8,3.4,26.4,100,3.5,2.4,480,320,0.443,0.568,0.412,0.129,0.871+ j0.0653,0.289,"8,900",2.40,0.576,6.6,195,,,,,,
1CALX11LD,38,,95,11.5,3.4,28.1,130,4.8,2.8,510,340,0.320,0.411,0.392,0.123,0.635+ j0.0601,0.324,"7,900",2.33,0.646,9.0,230,,,,,,
1CALX11LD,38,,120,12.9,3.4,29.5,145,6.0,3.0,530,350,0.253,0.325,0.378,0.119,0.535+ j0.0568,0.352,"7,200",2.29,0.702,11.3,260,,,,,,
1CALX11LD,38,,150,14.2,3.4,31.0,155,7.5,3.4,560,370,0.206,0.265,0.368,0.116,0.488+ j0.0539,0.380,"6,600",2.25,0.758,14.2,290,,,,,,
1CALX11LD,38,,185,16.0,3.4,32.8,170,9.3,3.8,590,390,0.164,0.211,0.352,0.111,0.446+ j0.0500,0.416,"6,000",2.22,0.830,17.5,330,,,,,,
1CALX11LD,38,,240,18.1,3.4,35.1,195,12,4.3,630,420,0.125,0.161,0.340,0.107,0.407+ j0.0469,0.460,"5,400",2.18,0.918,22.7,380,,,,,,
1CALX11LD,38,,300,20.6,3.4,38.0,220,15,5.1,680,460,0.100,0.130,0.330,0.104,0.382+ j0.0443,0.516,"4,900",2.14,1.03,28.3,425,,,,,,
1CALX11LD,38,,400,23.5,3.4,41.7,255,20,6.1,750,500,0.0778,0.102,0.322,0.101,0.360+ j0.0425,0.586,"4,300",2.11,1.17,37.8,480,,,,,,
1CALX11LD,38,,500,26.6,3.4,45.0,290,25,7.1,810,540,0.0605,0.0802,0.312,0.0979,0.343+ j0.0400,0.650,"3,900",2.08,1.30,47.2,545,,,,,,
1CALX11LD,38,,630,30.2,3.4,48.8,340,25,8.3,880,590,0.0469,0.0636,0.302,0.0948,0.330+ j0.0376,0.724,"3,400",2.06,1.44,59.5,615,,,,,,
3CALX11LD,39,3CALX11LD,25,6.1,3.4,42.3,140,3.8,3.8,760,510,1.20,1.54,,,4.48+ j0.0839,0.211,"12,000",2.65,0.420,2.4,110,0.416,0.131,,,,
3CALX11LD,39,,35,7.1,3.4,44.8,160,5.3,5.3,810,540,0.868,1.11,,,3.60+ j0.0777,0.233,"11,000",2.56,0.465,3.3,130,0.396,0.124,,,,
3CALX11LD,39,,50,8.1,3.4,47.2,185,7.5,7.5,850,570,0.641,0.822,,,3.37+ j0.0728,0.254,"10,000",2.49,0.507,4.7,155,0.380,0.119,,,,
3CALX11LD,39,,70,9.8,3.4,51.2,220,11,9.2,920,610,0.443,0.568,,,2.97+ j0.0635,0.290,"8,900",2.40,0.578,6.6,185,0.350,0.110,,,,
3CALX11LD,39,,95,11.5,3.4,55.1,265,14,11,990,660,0.320,0.411,,,2.66+ j0.0585,0.325,"7,900",2.33,0.648,9.0,220,0.333,0.105,,,,
3CALX11LD,39,,120,12.9,3.4,58.2,295,18,12,1050,700,0.253,0.325,,,2.44+ j0.0553,0.353,"7,200",2.29,0.704,11.3,250,0.322,0.101,,,,
3CALX11LD,39,,150,14.2,3.4,61.3,340,23,13,1100,740,0.206,0.265,,,2.26+ j0.0525,0.381,"6,600",2.25,0.760,14.2,285,0.313,0.0983,,,,
3CALX11LD,39,,185,16.0,3.4,65.3,390,25,15,1170,780,0.164,0.211,,,2.09+ j0.0487,0.417,"6,000",2.22,0.833,17.5,325,0.300,0.0944,,,,
3CALX11LD,39,,240,18.1,3.4,70.3,465,25,17,1270,840,0.125,0.162,,,1.95+ j0.0456,0.462,"5,400",2.18,0.921,22.7,370,0.290,0.0912,,,,
3CALX11LD,39,,300,20.6,3.4,76.3,550,25,20,1370,920,0.100,0.130,,,1.74+ j0.0431,0.518,"4,900",2.14,1.03,28.3,420,0.282,0.0885,,,,
3CALX11LDA,40,3CALX11LDA,25,6.1,3.4,51.2,375,,3.8,920,610,1.20,1.54,,,4.48+ j0.0839,0.211,"12,000",2.65,0.420,2.4,110,0.416,0.131,3.8,11,,
3CALX11LDA,40,,35,7.1,3.4,53.7,415,,5.3,970,640,0.868,1.11,,,3.60+ j0.0777,0.233,"11,000",2.56,0.465,3.3,130,0.396,0.124,5.3,12,,
3CALX11LDA,40,,50,8.1,3.4,56.2,450,,7.5,1010,670,0.641,0.822,,,3.37+ j0.0728,0.254,"10,000",2.49,0.507,4.7,155,0.380,0.119,7.5,13,,
3CALX11LDA,40,,70,9.8,3.4,60.4,505,,11,1090,720,0.443,0.568,,,2.97+ j0.0635,0.290,"8,900",2.40,0.578,6.6,185,0.350,0.110,11,15,,
3CALX11LDA,40,,95,11.5,3.4,64.2,570,,14,1160,770,0.320,0.411,,,2.66+ j0.0585,0.325,"7,900",2.33,0.648,9.0,220,0.333,0.105,14,17,,
3CALX11LDA,40,,120,12.9,3.4,67.5,625,,16,1220,810,0.253,0.325,,,2.44+ j0.0553,0.353,"7,200",2.29,0.704,11.3,250,0.322,0.101,18,19,,
3CALX11LDA,40,,150,14.2,3.4,70.9,685,,18,1280,850,0.206,0.265,,,2.26+ j0.0525,0.381,"6,600",2.25,0.760,14.2,285,0.313,0.0983,23,21,,
3CALX11LDA,40,,185,16.0,3.4,75.0,760,,20,1350,900,0.164,0.211,,,2.09+ j0.0487,0.417,"6,000",2.22,0.833,17.5,325,0.300,0.0944,25,23,,
3CALX11LDA,40,,240,18.1,3.4,81.8,960,,23,1470,980,0.125,0.162,,,1.95+ j0.0456,0.462,"5,400",2.18,0.921,22.7,370,0.290,0.0912,25,25,,
3CALX11HD,41,3CALX11HD,25,6.1,3.4,42.5,145,3.8,3.8,770,510,1.20,1.54,,,4.18+ j0.0839,0.211,"12,000",2.65,0.420,2.4,110,0.416,0.131,,,,
3CALX11HD,41,,35,7.1,3.4,44.8,165,5.3,5.3,810,540,0.868,1.11,,,3.39+ j0.0777,0.233,"11,000",2.56,0.465,3.3,130,0.396,0.124,,,,
3CALX11HD,41,,50,8.1,3.4,47.4,195,7.5,7.5,850,570,0.641,0.822,,,2.46+ j0.0728,0.254,"10,000",2.49,0.507,4.7,155,0.380,0.119,,,,
3CALX11HD,41,,70,9.8,3.4,51.2,240,11,9.2,920,610,0.443,0.568,,,1.70+ j0.0635,0.290,"8,900",2.40,0.578,6.6,190,0.350,0.110,,,,
3CALX11HD,41,,95,11.5,3.4,55.1,300,14,11,990,660,0.320,0.411,,,1.26+ j0.0585,0.325,"7,900",2.33,0.648,9.0,225,0.333,0.105,,,,
3CALX11HD,41,,120,12.9,3.4,58.2,335,18,12,1050,700,0.253,0.325,,,1.09+ j0.0553,0.353,"7,200",2.29,0.704,11.3,255,0.322,0.101,,,,
3CALX11HD,41,,150,14.2,3.4,61.3,375,23,13,1100,740,0.206,0.265,,,1.05+ j0.0525,0.381,"6,600",2.25,0.760,14.2,285,0.313,0.0983,,,,
3CALX11HD,41,,185,16.0,3.4,65.3,425,25,15,1170,780,0.164,0.211,,,1.01+ j0.0487,0.417,"6,000",2.22,0.833,17.5,325,0.300,0.0944,,,,
3CALX11HD,41,,240,18.1,3.4,70.3,500,25,17,1270,840,0.125,0.162,,,0.967+ j0.0456,0.462,"5,400",2.18,0.921,22.7,370,0.290,0.0912,,,,
3CALX11HD,41,,300,20.6,3.4,76.3,585,25,20,1370,920,0.100,0.130,,,0.942+ j0.0431,0.518,"4,900",2.14,1.03,28.3,420,0.282,0.0885,,,,
3CALX11HDA,42,3CALX11HDA,25,6.1,3.4,51.2,380,,3.8,920,610,1.20,1.54,,,4.18+ j0.0839,0.211,"12,000",2.65,0.420,2.4,110,0.416,0.131,3.8,11,,
3CALX11HDA,42,,35,7.1,3.4,53.7,415,,5.3,970,640,0.868,1.11,,,3.39+ j0.0777,0.233,"11,000",2.56,0.465,3.3,130,0.396,0.124,5.3,12,,
3CALX11HDA,42,,50,8.1,3.4,56.2,460,,7.5,1010,670,0.641,0.822,,,2.46+ j0.0728,0.254,"10,000",2.49,0.507,4.7,155,0.380,0.119,7.5,13,,
3CALX11HDA,42,,70,9.8,3.4,60.4,525,,11,1090,720,0.443,0.568,,,1.70+ j0.0635,0.290,"8,900",2.40,0.578,6.6,190,0.350,0.110,11,15,,
3CALX11HDA,42,,95,11.5,3.4,64.4,610,,14,1160,770,0.320,0.411,,,1.26+ j0.0585,0.325,"7,900",2.33,0.648,9.0,225,0.333,0.105,14,17,,
3CALX11HDA,42,,120,12.9,3.4,67.7,665,,16,1220,810,0.253,0.325,,,1.09+ j0.0553,0.353,"7,200",2.29,0.704,11.3,255,0.322,0.101,18,19,,
3CALX11HDA,42,,150,14.2,3.4,71.1,725,,18,1280,850,0.206,0.265,,,1.05+ j0.0525,0.381,"6,600",2.25,0.760,14.2,285,0.313,0.0983,23,21,,
3CALX11HDA,42,,185,16.0,3.4,76.5,880,,20,1380,920,0.164,0.211,,,1.01+ j0.0487,0.417,"6,000",2.22,0.833,17.5,325,0.300,0.0944,25,24,,
3CALX11HDA,42,,240,18.1,3.4,81.8,990,,23,1470,980,0.125,0.162,,,0.967+ j0.0456,0.462,"5,400",2.18,0.921,22.7,370,0.290,0.0912,25,25,,
1CCUX22LD,43,1CCUX22LD,35,7.0,5.5,26.6,100,2.5,2.5,480,320,0.524,0.668,0.492,0.155,1.46+ j0.0913,0.164,"16,000",3.64,0.652,5.0,175,,,,,,
1CCUX22LD,43,,50,8.2,5.5,27.7,115,3.5,2.7,500,330,0.387,0.494,0.470,0.148,1.32+ j0.0851,0.179,"14,000",3.49,0.713,7.2,205,,,,,,
1CCUX22LD,43,,70,9.8,5.5,29.5,140,4.9,3.1,530,350,0.268,0.342,0.435,0.137,1.20+ j0.0751,0.200,"13,000",3.33,0.799,10.0,250,,,,,,
1CCUX22LD,43,,95,11.5,5.5,31.2,165,6.7,3.4,560,370,0.193,0.247,0.414,0.130,1.13+ j0.0693,0.223,"11,000",3.21,0.888,13.6,300,,,,,,
1CCUX22LD,43,,120,12.9,5.5,32.8,195,8.4,3.8,590,390,0.153,0.196,0.397,0.125,1.09+ j0.0645,0.241,"10,000",3.12,0.961,17.2,335,,,,,,
1CCUX22LD,43,,150,14.3,5.5,34.2,225,11,4.1,620,410,0.124,0.159,0.384,0.121,1.06+ j0.0611,0.259,"9,700",3.06,1.03,21.5,375,,,,,,
1CCUX22LD,43,,185,16.1,5.5,36.2,265,13,4.6,650,430,0.0991,0.128,0.372,0.117,1.03+ j0.0575,0.282,"8,900",2.99,1.12,26.5,425,,,,,,
1CCUX22LD,43,,240,18.2,5.5,38.4,320,17,5.2,690,460,0.0754,0.0978,0.357,0.112,1.01+ j0.0538,0.310,"8,100",2.91,1.24,34.3,490,,,,,,
1CCUX22LD,43,,300,20.6,5.5,41.1,385,21,5.9,740,490,0.0601,0.0788,0.346,0.109,0.995+ j0.0509,0.343,"7,300",2.85,1.37,42.9,550,,,,,,
1CCUX22LD,43,,400,23.5,5.5,44.8,475,25,7.0,810,540,0.0470,0.0628,0.335,0.105,0.982+ j0.0481,0.386,"6,500",2.78,1.54,57.2,625,,,,,,
1CCUX22LD,43,,500,26.6,5.5,48.1,585,25,8.1,860,580,0.0366,0.0504,0.324,0.102,0.973+ j0.0451,0.426,"5,900",2.73,1.70,71.5,705,,,,,,
1CCUX22LD,43,,630,30.2,5.5,52.0,725,25,9.4,940,620,0.0283,0.0410,0.315,0.0988,0.965+ j0.0426,0.473,"5,300",2.68,1.89,90.1,790,,,,,,
1CCUX22LD,44,1CCUX22LD,35,7.0,5.5,27.9,115,2.5,2.5,500,330,0.524,0.668,0.502,0.158,1.09+ j0.0931,0.164,"16,000",3.64,0.652,5.0,175,,,,,,
1CCUX22LD,44,,50,8.2,5.5,29.0,140,3.5,2.9,520,350,0.387,0.494,0.479,0.151,0.783+ j0.0868,0.179,"14,000",3.49,0.713,7.2,205,,,,,,
1CCUX22LD,44,,70,9.8,5.5,30.8,185,4.9,3.3,550,370,0.268,0.342,0.444,0.140,0.550+ j0.0767,0.200,"13,000",3.33,0.799,10.0,250,,,,,,
1CCUX22LD,44,,95,11.5,5.5,32.5,215,6.7,3.7,590,390,0.193,0.247,0.422,0.133,0.475+ j0.0708,0.223,"11,000",3.21,0.888,13.6,295,,,,,,
1CCUX22LD,44,,120,12.9,5.5,34.1,240,8.4,4.1,610,410,0.153,0.196,0.405,0.127,0.435+ j0.0660,0.241,"10,000",3.12,0.961,17.2,335,,,,,,
1CCUX22LD,44,,150,14.3,5.5,35.5,270,11,4.4,640,430,0.124,0.159,0.392,0.123,0.406+ j0.0625,0.259,"9,700",3.06,1.03,21.5,370,,,,,,
1CCUX22LD,44,,185,16.1,5.5,37.5,310,13,4.9,670,450,0.0991,0.128,0.379,0.119,0.381+ j0.0589,0.282,"8,900",2.99,1.12,26.5,415,,,,,,
1CCUX22LD,44,,240,18.2,5.5,39.9,370,17,5.6,720,480,0.0754,0.0978,0.365,0.115,0.358+ j0.0550,0.310,"8,100",2.91,1.24,34.3,480,,,,,,
1CCUX22LD,44,,300,20.6,5.5,42.4,430,21,6.3,760,510,0.0601,0.0788,0.353,0.111,0.343+ j0.0520,0.343,"7,300",2.85,1.37,42.9,535,,,,,,
1CCUX22LD,44,,400,23.5,5.5,46.3,525,25,7.5,830,560,0.0470,0.0627,0.342,0.108,0.330+ j0.0491,0.386,"6,500",2.78,1.54,57.2,600,,,,,,
1CCUX22LD,44,,500,26.6,5.5,49.4,630,25,8.5,890,590,0.0366,0.0503,0.330,0.104,0.320+ j0.0460,0.426,"5,900",2.73,1.70,71.5,670,,,,,,
1CCUX22LD,44,,630,30.3,5.5,53.5,770,25,10,960,640,0.0283,0.0408,0.321,0.101,0.312+ j0.0435,0.473,"5,300",2.68,1.89,90.1,740,,,,,,
3CCUX22LD,45,3CCUX22LD,35,7.0,5.5,54.5,300,7.4,7.4,980,650,0.524,0.668,,,2.87+ j0.0916,0.164,"16,000",3.64,0.655,5.0,165,0.438,0.138,,,,
3CCUX22LD,45,,50,8.2,5.5,57.1,340,11,11,1030,690,0.387,0.494,,,2.73+ j0.0854,0.179,"14,000",3.49,0.715,7.2,190,0.418,0.131,,,,
3CCUX22LD,45,,70,9.8,5.5,60.9,420,15,13,1100,730,0.268,0.342,,,2.45+ j0.0754,0.201,"13,000",3.33,0.802,10.0,235,0.386,0.121,,,,
3CCUX22LD,45,,95,11.5,5.5,64.7,515,20,15,1170,780,0.193,0.247,,,2.24+ j0.0695,0.223,"11,000",3.21,0.891,13.6,275,0.367,0.115,,,,
3CCUX22LD,45,,120,12.9,5.5,68.0,605,25,16,1220,820,0.153,0.196,,,2.08+ j0.0647,0.242,"10,000",3.12,0.964,17.2,325,0.351,0.110,,,,
3CCUX22LD,45,,150,14.3,5.5,71.2,690,25,18,1280,850,0.124,0.159,,,1.95+ j0.0613,0.260,"9,700",3.06,1.04,21.5,360,0.340,0.107,,,,
3CCUX22LD,45,,185,16.1,5.5,75.1,820,25,20,1350,900,0.0991,0.128,,,1.83+ j0.0577,0.283,"8,900",2.99,1.13,26.5,410,0.328,0.103,,,,
3CCUX22LD,45,,240,18.2,5.5,80.3,1010,25,23,1440,960,0.0754,0.0981,,,1.64+ j0.0540,0.311,"8,100",2.91,1.24,34.3,475,0.316,0.0993,,,,
3CCUX22LD,45,,300,20.6,5.5,86.2,1220,25,25,1550,1030,0.0601,0.0791,,,1.55+ j0.0511,0.344,"7,300",2.85,1.37,42.9,530,0.306,0.0962,,,,
3CCUX22LDA,46,3CCUX22LDA,35,7.0,5.5,63.6,605,,7.4,1150,760,0.524,0.668,,,2.87+j0.0916,0.164,"16,000",3.64,0.655,5.0,165,0.438,0.138,7.4,17,,
3CCUX22LDA,46,,50,8.2,5.5,66.5,660,,11,1200,800,0.387,0.494,,,2.73+j0.0854,0.179,"14,000",3.49,0.715,7.2,190,0.418,0.131,11,18,,
3CCUX22LDA,46,,70,9.8,5.5,70.2,760,,15,1260,840,0.268,0.342,,,2.45+j0.0754,0.201,"13,000",3.33,0.802,10.0,235,0.386,0.121,15,20,,
3CCUX22LDA,46,,95,11.5,5.5,74.3,875,,19,1340,890,0.193,0.247,,,2.24+j0.0695,0.223,"11,000",3.21,0.891,13.6,275,0.367,0.115,20,23,,
3CCUX22LDA,46,,120,12.9,5.5,79.4,1080,,22,1430,950,0.153,0.196,,,2.08+j0.0647,0.242,"10,000",3.12,0.964,17.2,325,0.351,0.110,25,25,,
3CCUX22LDA,46,,150,14.3,5.5,82.6,1190,,24,1490,990,0.124,0.159,,,1.95+j0.0613,0.260,"9,700",3.06,1.04,21.5,360,0.340,0.107,25,25,,
3CCUX22LDA,46,,185,16.1,5.5,87.0,1350,,25,1570,1040,0.0991,0.128,,,1.83+j0.0577,0.283,"8,900",2.99,1.13,26.5,410,0.328,0.103,25,25,,
3CCUX22HD,47,3CCUX22HD,35,7.0,5.5,54.5,310,7.4,7.4,980,650,0.524,0.668,,,2.16+ j0.0916,0.164,"16,000",3.64,0.655,5.0,170,0.438,0.138,,,,
3CCUX22HD,47,,50,8.2,5.5,57.1,360,11,11,1030,690,0.387,0.494,,,1.56+ j0.0854,0.179,"14,000",3.49,0.715,7.2,200,0.418,0.131,,,,
3CCUX22HD,47,,70,9.8,5.5,60.9,455,15,13,1100,730,0.268,0.342,,,1.11+ j0.0754,0.201,"13,000",3.33,0.802,10.0,240,0.386,0.121,,,,
3CCUX22HD,47,,95,11.5,5.5,64.7,550,20,15,1170,780,0.193,0.247,,,1.03+ j0.0695,0.223,"11,000",3.21,0.891,13.6,290,0.367,0.115,,,,
3CCUX22HD,47,,120,12.9,5.5,68.0,640,25,16,1220,820,0.153,0.196,,,0.995+ j0.0647,0.242,"10,000",3.12,0.964,17.2,330,0.351,0.110,,,,
3CCUX22HD,47,,150,14.3,5.5,71.2,725,25,18,1280,850,0.124,0.159,,,0.966+ j0.0613,0.260,"9,700",3.06,1.04,21.5,365,0.340,0.107,,,,
3CCUX22HD,47,,185,16.1,5.5,75.1,850,25,20,1350,900,0.0991,0.128,,,0.941+ j0.0577,0.283,"8,900",2.99,1.13,26.5,410,0.328,0.103,,,,
3CCUX22HD,47,,240,18.2,5.5,80.3,1040,25,23,1440,960,0.0754,0.0981,,,0.917+ j0.0540,0.311,"8,100",2.91,1.24,34.3,475,0.316,0.0993,,,,
3CCUX22HD,47,,300,20.6,5.5,86.2,1240,25,25,1550,1030,0.0601,0.0791,,,0.902+ j0.0511,0.344,"7,300",2.85,1.37,42.9,530,0.306,0.0962,,,,
3CCUX22HDA,48,3CCUX22HDA,35,7.0,5.5,63.6,615,,7.4,1150,760,0.524,0.668,,,2.16+ j0.0916,0.164,"16,000",3.64,0.655,5.0,170,0.438,0.138,7.4,17,,
3CCUX22HDA,48,,50,8.2,5.5,66.5,680,,11,1200,800,0.387,0.494,,,1.56+ j0.0854,0.179,"14,000",3.49,0.715,7.2,200,0.418,0.131,11,18,,
3CCUX22HDA,48,,70,9.8,5.5,70.6,805,,15,1270,850,0.268,0.342,,,1.11+ j0.0754,0.201,"13,000",3.33,0.802,10.0,240,0.386,0.121,15,20,,
3CCUX22HDA,48,,95,11.5,5.5,74.5,915,,19,1340,890,0.193,0.247,,,1.03+ j0.0695,0.223,"11,000",3.21,0.891,13.6,290,0.367,0.115,20,23,,
3CCUX22HDA,48,,120,12.9,5.5,79.4,1110,,22,1430,950,0.153,0.196,,,0.995+ j0.0647,0.242,"10,000",3.12,0.964,17.2,330,0.351,0.110,25,25,,
3CCUX22HDA,48,,150,14.3,5.5,82.8,1230,,24,1490,990,0.124,0.159,,,0.966+ j0.0613,0.260,"9,700",3.06,1.04,21.5,365,0.340,0.107,25,25,,
3CCUX22HDA,48,,185,16.1,5.5,87.0,1380,,25,1570,1040,0.0991,0.128,,,0.941+ j0.0577,0.283,"8,900",2.99,1.13,26.5,410,0.328,0.103,25,25,,
1CALX22LD,49,1CALX22LD,35,7.1,5.5,26.6,80,1.8,1.8,480,320,0.868,1.11,0.491,0.154,1.80+ j0.0908,0.165,"16,000",3.63,0.657,3.3,135,,,,,,
1CALX22LD,49,,50,8.1,5.5,27.6,85,2.5,2.5,500,330,0.641,0.822,0.471,0.148,1.57+ j0.0853,0.178,"14,000",3.50,0.710,4.7,160,,,,,,
1CALX22LD,49,,70,9.8,5.5,29.5,95,3.5,3.1,530,350,0.443,0.568,0.435,0.137,1.38+ j0.0751,0.200,"13,000",3.33,0.799,6.6,195,,,,,,
1CALX22LD,49,,95,11.5,5.5,31.2,110,4.8,3.4,560,370,0.320,0.411,0.414,0.130,1.25+ j0.0693,0.223,"11,000",3.21,0.888,9.0,230,,,,,,
1CALX22LD,49,,120,12.9,5.5,32.8,120,6.0,3.8,590,390,0.253,0.325,0.400,0.126,1.19+ j0.0654,0.240,"10,000",3.13,0.958,11.3,260,,,,,,
1CALX22LD,49,,150,14.2,5.5,34.1,130,7.5,4.1,610,410,0.206,0.265,0.388,0.122,1.14+ j0.0622,0.258,"9,700",3.06,1.03,14.2,295,,,,,,
1CALX22LD,49,,185,16.0,5.5,36.1,150,9.3,4.6,650,430,0.164,0.211,0.372,0.117,1.10+ j0.0577,0.280,"8,900",2.99,1.12,17.5,330,,,,,,
1CALX22LD,49,,240,18.1,5.5,38.2,170,12,5.1,690,460,0.125,0.161,0.358,0.112,1.06+ j0.0540,0.308,"8,100",2.92,1.23,22.7,385,,,,,,
1CALX22LD,49,,300,20.6,5.5,41.1,200,15,5.9,740,490,0.100,0.130,0.346,0.109,1.03+ j0.0509,0.343,"7,300",2.85,1.37,28.3,435,,,,,,
1CALX22LD,49,,400,23.5,5.5,44.8,235,20,7.0,810,540,0.0778,0.102,0.337,0.106,1.01+ j0.0485,0.386,"6,500",2.78,1.54,37.8,495,,,,,,
1CALX22LD,49,,500,26.6,5.5,48.1,275,25,8.1,860,580,0.0605,0.0800,0.326,0.102,0.996+ j0.0455,0.426,"5,900",2.73,1.70,47.2,565,,,,,,
1CALX22LD,49,,630,30.2,5.5,51.9,330,25,9.4,930,620,0.0469,0.0634,0.315,0.0989,0.982+ j0.0426,0.472,"5,300",2.68,1.88,59.5,640,,,,,,
1CALX22HD,50,1CALX22HD,35,7.1,5.5,26.6,80,1.8,1.8,480,320,0.868,1.11,0.491,0.154,1.71+ j0.0908,0.165,"16,000",3.63,0.657,3.3,135,,,,,,
1CALX22HD,50,,50,8.1,5.5,28.9,95,2.5,2.5,520,350,0.641,0.822,0.480,0.151,1.24+ j0.0871,0.178,"14,000",3.50,0.710,4.7,160,,,,,,
1CALX22HD,50,,70,9.8,5.5,30.8,120,3.5,3.3,550,370,0.443,0.568,0.444,0.140,0.871+ j0.0767,0.200,"13,000",3.33,0.799,6.6,195,,,,,,
1CALX22HD,50,,95,11.5,5.5,32.5,150,4.8,3.7,590,390,0.320,0.411,0.422,0.133,0.635+ j0.0708,0.223,"11,000",3.21,0.888,9.0,230,,,,,,
1CALX22HD,50,,120,12.9,5.5,34.1,165,6.0,4.1,610,410,0.253,0.325,0.409,0.128,0.535+ j0.0669,0.240,"10,000",3.13,0.958,11.3,260,,,,,,
1CALX22HD,50,,150,14.2,5.5,35.4,180,7.5,4.4,640,430,0.206,0.265,0.396,0.124,0.488+ j0.0636,0.258,"9,700",3.06,1.03,14.2,290,,,,,,
1CALX22HD,50,,185,16.0,5.5,37.4,195,9.3,4.9,670,450,0.164,0.211,0.380,0.119,0.446+ j0.0590,0.280,"8,900",2.99,1.12,17.5,330,,,,,,
1CALX22HD,50,,240,18.1,5.5,39.7,220,12,5.5,720,480,0.125,0.161,0.366,0.115,0.407+ j0.0553,0.308,"8,100",2.92,1.23,22.7,380,,,,,,
1CALX22HD,50,,300,20.6,5.5,42.4,245,15,6.3,760,510,0.100,0.130,0.353,0.111,0.382+ j0.0520,0.343,"7,300",2.85,1.37,28.3,425,,,,,,
1CALX22HD,50,,400,23.5,5.5,46.3,285,20,7.5,830,560,0.0778,0.101,0.344,0.108,0.360+ j0.0495,0.386,"6,500",2.78,1.54,37.8,485,,,,,,
1CALX22HD,50,,500,26.6,5.5,49.4,320,25,8.5,890,590,0.0605,0.0799,0.331,0.104,0.343+ j0.0465,0.426,"5,900",2.73,1.70,47.2,545,,,,,,
1CALX22HD,50,,630,30.2,5.5,53.4,375,25,10,960,640,0.0469,0.0633,0.321,0.101,0.330+ j0.0435,0.472,"5,300",2.68,1.88,59.5,615,,,,,,
3CALX22LD,51,3CALX22LD,35,7.1,5.5,54.7,230,5.3,5.3,980,660,0.868,1.11,,,3.21+ j0.0911,0.165,"16,000",3.63,0.659,3.3,125,0.437,0.137,,,,
3CALX22LD,51,,50,8.1,5.5,57.0,255,7.5,7.5,1030,680,0.641,0.822,,,2.98+ j0.0856,0.179,"14,000",3.50,0.712,4.7,145,0.419,0.132,,,,
3CALX22LD,51,,70,9.8,5.5,60.9,295,11,11,1100,730,0.443,0.568,,,2.63+ j0.0754,0.201,"13,000",3.33,0.802,6.6,190,0.386,0.121,,,,
3CALX22LD,51,,95,11.5,5.5,64.7,340,14,14,1170,780,0.320,0.411,,,2.37+ j0.0695,0.223,"11,000",3.21,0.891,9.0,235,0.367,0.115,,,,
3CALX22LD,51,,120,12.9,5.5,67.8,380,18,16,1220,810,0.253,0.325,,,2.18+ j0.0657,0.241,"10,000",3.13,0.962,11.3,255,0.354,0.111,,,,
3CALX22LD,51,,150,14.2,5.5,71.0,420,23,18,1280,850,0.206,0.265,,,2.03+ j0.0624,0.259,"9,700",3.06,1.03,14.2,285,0.343,0.108,,,,
3CALX22LD,51,,185,16.0,5.5,74.9,480,25,20,1350,900,0.164,0.211,,,1.89+ j0.0579,0.281,"8,900",2.99,1.12,17.5,320,0.329,0.103,,,,
3CALX22LD,51,,240,18.1,5.5,80,565,25,22,1440,960,0.125,0.161,,,1.69+ j0.0542,0.309,"8,100",2.92,1.23,22.7,370,0.317,0.0995,,,,
3CALX22LD,51,,300,20.6,5.5,86.2,660,25,25,1550,1030,0.100,0.130,,,1.59+ j0.0511,0.344,"7,300",2.85,1.37,28.3,420,0.306,0.0962,,,,
3CALX22LDA,52,3CALX22LDA,35,7.1,5.5,63.8,535,,5.3,1150,770,0.868,1.11,,,3.21+ j0.0911,0.165,"16,000",3.63,0.659,3.3,125,0.437,0.137,5.3,17,,
3CALX22LDA,52,,50,8.1,5.5,66.4,570,,7.5,1190,800,0.641,0.822,,,2.98+ j0.0856,0.179,"14,000",3.50,0.712,4.7,145,0.419,0.132,7.5,18,,
3CALX22LDA,52,,70,9.8,5.5,70.2,630,,11,1260,840,0.443,0.568,,,2.63+ j0.0754,0.201,"13,000",3.33,0.802,6.6,190,0.386,0.121,11,20,,
3CALX22LDA,52,,95,11.5,5.5,74.3,700,,14,1340,890,0.320,0.411,,,2.37+ j0.0695,0.223,"11,000",3.21,0.891,9.0,235,0.367,0.115,14,23,,
3CALX22LDA,52,,120,12.9,5.5,79.3,855,,18,1430,950,0.253,0.325,,,2.18+ j0.0657,0.241,"10,000",3.13,0.962,11.3,255,0.354,0.111,18,25,,
3CALX22LDA,52,,150,14.2,5.5,82.4,920,,23,1480,990,0.206,0.265,,,2.03+ j0.0624,0.259,"9,700",3.06,1.03,14.2,285,0.343,0.108,23,25,,
3CALX22LDA,52,,185,16.0,5.5,86.8,1010,,25,1560,1040,0.164,0.211,,,1.89+ j0.0579,0.281,"8,900",2.99,1.12,17.5,320,0.329,0.103,25,25,,
3CALX22LD,53,3CALX22LD,35,7.1,5.5,54.7,230,5.3,5.3,980,660,0.868,1.11,,,3.21+ j0.0911,0.165,"16,000",3.63,0.659,3.3,125,0.437,0.137,,,,
3CALX22LD,53,,50,8.1,5.5,57.0,260,7.5,7.5,1030,680,0.641,0.822,,,2.46+ j0.0856,0.179,"14,000",3.50,0.712,4.7,145,0.419,0.132,,,,
3CALX22LD,53,,70,9.8,5.5,60.9,310,11,11,1100,730,0.443,0.568,,,1.76+ j0.0754,0.201,"13,000",3.33,0.802,6.6,190,0.386,0.121,,,,
3CALX22LD,53,,95,11.5,5.5,64.7,370,14,14,1170,780,0.320,0.411,,,1.26+ j0.0695,0.223,"11,000",3.21,0.891,9.0,225,0.367,0.115,,,,
3CALX22LD,53,,120,12.9,5.5,67.8,415,18,16,1220,810,0.253,0.325,,,1.09+ j0.0657,0.241,"10,000",3.13,0.962,11.3,250,0.354,0.111,,,,
3CALX22LD,53,,150,14.2,5.5,71.0,455,23,18,1280,850,0.206,0.265,,,1.05+ j0.0624,0.259,"9,700",3.06,1.03,14.2,285,0.343,0.108,,,,
3CALX22LD,53,,185,16.0,5.5,74.9,510,25,20,1350,900,0.164,0.211,,,1.01+ j0.0579,0.281,"8,900",2.99,1.12,17.5,325,0.329,0.103,,,,
3CALX22LD,53,,240,18.1,5.5,80.0,590,25,22,1440,960,0.125,0.161,,,0.967+ j0.0542,0.309,"8,100",2.92,1.23,22.7,375,0.317,0.0995,,,,
3CALX22LD,53,,300,20.6,5.5,86.2,685,25,25,1550,1030,0.100,0.130,,,0.942+ j0.0511,0.344,"7,300",2.85,1.37,28.3,420,0.306,0.0962,,,,
3CALX22LDA,54,3CALX22LDA,35,7.1,5.5,63.8,535,,5.3,1150,770,0.868,1.11,,,3.21+ j0.0911,0.165,"16,000",3.63,0.659,3.3,125,0.437,0.137,5.3,17,,
3CALX22LDA,54,,50,8.1,5.5,66.4,580,,7.5,1190,800,0.641,0.822,,,2.46+ j0.0856,0.179,"14,000",3.50,0.712,4.7,145,0.419,0.132,7.5,18,,
3CALX22LDA,54,,70,9.8,5.5,70.4,655,,11,1270,850,0.443,0.568,,,1.76+ j0.0754,0.201,"13,000",3.33,0.802,6.6,190,0.386,0.121,11,20,,
3CALX22LDA,54,,95,11.5,5.5,74.5,735,,14,1340,890,0.320,0.411,,,1.26+ j0.0695,0.223,"11,000",3.21,0.891,9.0,225,0.367,0.115,14,23,,
3CALX22LDA,54,,120,12.9,5.5,79.3,890,,18,1430,950,0.253,0.325,,,1.09+ j0.0657,0.241,"10,000",3.13,0.962,11.3,250,0.354,0.111,18,25,,
3CALX22LDA,54,,150,14.2,5.5,82.6,955,,23,1490,990,0.206,0.265,,,1.05+ j0.0624,0.259,"9,700",3.06,1.03,14.2,285,0.343,0.108,23,25,,
3CALX22LDA,54,,185,16.0,5.5,86.8,1040,,25,1560,1040,0.164,0.211,,,1.01+ j0.0579,0.281,"8,900",2.99,1.12,17.5,325,0.329,0.103,25,25,,
1CCUX33LD,55,1CCUX33LD,50,8.2,8.0,33.1,140,3.5,3.5,600,400,0.387,0.494,,0.159,1.32+ j0.0975,0.139,"18,000",4.07,0.831,7.2,205,,,,,0.507,
1CCUX33LD,55,,70,9.8,8.0,34.7,165,4.9,4.2,630,420,0.268,0.342,,0.147,1.20+ j0.0868,0.155,"16,000",3.85,0.923,10.0,250,,,,,0.469,
1CCUX33LD,55,,95,11.5,8.0,36.6,195,6.7,4.7,660,440,0.193,0.247,,0.140,1.13+ j0.0802,0.170,"15,000",3.67,1.02,13.6,300,,,,,0.447,
1CCUX33LD,55,,120,12.9,8.0,38.0,225,8.4,5.1,680,460,0.153,0.196,,0.134,1.09+ j0.0749,0.183,"14,000",3.55,1.09,17.2,335,,,,,0.428,
1CCUX33LD,55,,150,14.3,8.0,39.6,255,11,5.5,710,480,0.124,0.159,,0.130,1.06+ j0.0711,0.196,"13,000",3.46,1.17,21.5,380,,,,,0.415,
1CCUX33LD,55,,185,16.1,8.0,41.4,295,13,6.0,740,500,0.0991,0.127,,0.126,1.03+ j0.0670,0.212,"12,000",3.36,1.26,26.5,425,,,,,0.400,
1CCUX33LD,55,,240,18.2,8.0,43.8,355,17,6.7,790,530,0.0754,0.0976,,0.121,1.01+ j0.0627,0.231,"11,000",3.26,1.38,34.3,490,,,,,0.385,
1CCUX33LD,55,,300,20.6,8.0,46.5,420,21,7.6,840,560,0.0601,0.0786,,0.117,0.995+ j0.0591,0.254,"9,900",3.16,1.52,42.9,555,,,,,0.372,
1CCUX33LD,55,,400,23.5,8.0,50.2,515,25,8.8,900,600,0.0470,0.0625,,0.113,0.982+ j0.0556,0.284,"8,800",3.06,1.70,57.2,625,,,,,0.359,
1CCUX33LD,55,,500,26.6,8.0,53.5,625,25,10,960,640,0.0366,0.0500,,0.109,0.973+ j0.0521,0.312,"8,000",2.99,1.86,71.5,705,,,,,0.346,
1CCUX33LD,55,,630,30.3,8.0,57.4,770,25,12,1030,690,0.0283,0.0405,,0.105,0.965+ j0.0491,0.344,"7,200",2.93,2.06,90.1,795,,,,,0.335,
1CCUX33HD,56,1CCUX33HD,50,8.2,8.0,34.4,165,3.5,3.5,620,410,0.387,0.494,,0.162,0.783+ j0.0989,0.139,"18,000",4.07,0.831,7.2,205,,,,,0.515,
1CCUX33HD,56,,70,9.8,8.0,36.2,210,4.9,4.6,650,430,0.268,0.342,,0.150,0.550+ j0.0881,0.155,"16,000",3.85,0.923,10.0,250,,,,,0.478,
1CCUX33HD,56,,95,11.5,8.0,37.9,240,6.7,5.0,680,460,0.193,0.247,,0.143,0.475+ j0.0815,0.170,"15,000",3.67,1.02,13.6,295,,,,,0.454,
1CCUX33HD,56,,120,12.9,8.0,39.5,270,8.4,5.5,710,470,0.153,0.196,,0.137,0.435+ j0.0762,0.183,"14,000",3.55,1.09,17.2,335,,,,,0.436,
1CCUX33HD,56,,150,14.3,8.0,40.9,300,11,5.9,740,490,0.124,0.159,,0.133,0.406+ j0.0723,0.196,"13,000",3.46,1.17,21.5,370,,,,,0.422,
1CCUX33HD,56,,185,16.1,8.0,42.9,340,13,6.4,770,510,0.0991,0.127,,0.128,0.381+ j0.0681,0.212,"12,000",3.36,1.26,26.5,420,,,,,0.407,
1CCUX33HD,56,,240,18.2,8.0,45.1,400,17,7.1,810,540,0.0754,0.0976,,0.123,0.358+ j0.0638,0.231,"11,000",3.26,1.38,34.3,480,,,,,0.391,
1CCUX33HD,56,,300,20.6,8.0,47.8,465,21,8.0,860,570,0.0601,0.0785,,0.119,0.343+ j0.0601,0.254,"9,900",3.16,1.52,42.9,535,,,,,0.378,
1CCUX33HD,56,,400,23.5,8.0,51.5,560,25,9.3,930,620,0.0470,0.0624,,0.115,0.330+ j0.0566,0.284,"8,800",3.06,1.70,57.2,605,,,,,0.365,
1CCUX33HD,56,,500,26.6,8.0,54.8,675,25,10,990,660,0.0366,0.0500,,0.110,0.320+ j0.0530,0.312,"8,000",2.99,1.86,71.5,675,,,,,0.352,
1CCUX33HD,56,,630,30.3,8.0,58.7,815,25,12,1060,700,0.0283,0.0404,,0.107,0.312+ j0.0499,0.344,"7,200",2.93,2.06,90.1,750,,,,,0.340,
3CCUX33LD,57,3CCUX33LD,50,8.2,8.0,68.5,435,11,11,1230,820,0.387,0.494,,,2.32+ j0.0978,0.140,"18,000",4.07,0.834,7.2,190,0.457,0.143,,,,
3CCUX33LD,57,,70,9.8,8.0,72.4,525,15,15,1300,870,0.268,0.342,,,2.09+ j0.0871,0.155,"16,000",3.85,0.927,10.0,235,0.422,0.133,,,,
3CCUX33LD,57,,95,11.5,8.0,76.3,620,20,20,1370,920,0.193,0.247,,,1.92+ j0.0805,0.171,"15,000",3.67,1.02,13.6,280,0.401,0.126,,,,
3CCUX33LD,57,,120,12.9,8.0,79.5,715,25,22,1430,950,0.153,0.196,,,1.79+ j0.0752,0.184,"14,000",3.55,1.10,17.2,320,0.384,0.121,,,,
3CCUX33LD,57,,150,14.3,8.0,82.7,810,25,24,1490,990,0.124,0.159,,,1.69+ j0.0714,0.197,"13,000",3.46,1.17,21.5,365,0.371,0.117,,,,
3CCUX33LD,57,,185,16.1,8.0,86.7,940,25,25,1560,1040,0.0991,0.128,,,1.59+ j0.0672,0.212,"12,000",3.36,1.27,26.5,410,0.358,0.112,,,,
3CCUX33LD,57,,240,18.2,8.0,91.8,1140,25,25,1650,1100,0.0754,0.0978,,,1.44+ j0.0629,0.232,"11,000",3.26,1.39,34.3,484,0.344,0.108,,,,
3CCUX33LD,57,,300,20.6,8.0,97.6,1350,25,25,1760,1170,0.0601,0.0788,,,1.37+ j0.0593,0.255,"9,900",3.16,1.52,42.9,545,0.332,0.104,,,,
3CCUX33LDA,58,3CCUX33LDA,50,8.2,8.0,79.9,920,11,11,1440,960,0.387,0.494,,,2.32+j0.0978,0.140,"18,000",4.07,0.834,7.2,190,,,,25,0.457,0.143
3CCUX33LDA,58,,70,9.8,8.0,84.1,1040,15,15,1510,1010,0.268,0.342,,,2.09+j0.0871,0.155,"16,000",3.85,0.927,10.0,235,,,,25,0.422,0.133
3CCUX33LDA,58,,95,11.5,8.0,88.0,1160,20,20,1580,1060,0.193,0.247,,,1.92+j0.0805,0.171,"15,000",3.67,1.02,13.6,280,,,,25,0.401,0.126
3CCUX33LDA,58,,120,12.9,8.0,91.4,1280,25,25,1640,1100,0.153,0.196,,,1.79+j0.0752,0.184,"14,000",3.55,1.10,17.2,320,,,,25,0.384,0.121
3CCUX33LDA,58,,150,14.3,8.0,94.8,1400,25,25,1710,1140,0.124,0.159,,,1.69+j0.0714,0.197,"13,000",3.46,1.17,21.5,365,,,,25,0.371,0.117
3CCUX33HD,59,3CCUX33HD,50,8.2,8.0,68.7,455,11,11,1240,820,0.387,0.494,,,1.56+ j0.0978,0.140,"18,000",4.07,0.834,7.2,195,0.457,0.143,,,,
3CCUX33HD,59,,70,9.8,8.0,72.4,560,15,15,1300,870,0.268,0.342,,,1.11+ j0.0871,0.155,"16,000",3.85,0.927,10.0,240,0.422,0.133,,,,
3CCUX33HD,59,,95,11.5,8.0,76.3,655,20,20,1370,920,0.193,0.247,,,1.03+ j0.0805,0.171,"15,000",3.67,1.02,13.6,285,0.401,0.126,,,,
3CCUX33HD,59,,120,12.9,8.0,79.5,745,25,22,1430,950,0.153,0.196,,,0.995+ j0.0752,0.184,"14,000",3.55,1.10,17.2,330,0.384,0.121,,,,
3CCUX33HD,59,,150,14.3,8.0,82.7,840,25,24,1490,990,0.124,0.159,,,0.966+ j0.0752,0.197,"13,000",3.46,1.17,21.5,370,0.371,0.117,,,,
3CCUX33HD,59,,185,16.1,8.0,86.7,970,25,25,1560,1040,0.0991,0.128,,,0.941+ j0.0672,0.212,"12,000",3.36,1.27,26.5,410,0.358,0.112,,,,
3CCUX33HD,59,,240,18.2,8.0,91.8,1160,25,25,1650,1100,0.0754,0.0978,,,0.917+ j0.0629,0.232,"11,000",3.26,1.39,34.3,486,0.344,0.108,,,,
3CCUX33HD,59,,300,20.6,8.0,97.6,1380,25,25,1760,1170,0.0601,0.0788,,,0.902+ j0.0593,0.255,"9,900",3.16,1.52,42.9,547,0.332,0.104,,,,
3CCUX33HDA,60,3CCUX33HDA,50,8.2,8.0,80.1,940,11,11,1440,960,0.387,0.494,,,1.56+j0.0978,0.140,"18,000",4.07,0.834,7.2,195,,,,25,0.457,0.143
3CCUX33HDA,60,,70,9.8,8.0,84.1,1070,15,15,1510,1010,0.268,0.342,,,1.11+j0.0871,0.155,"16,000",3.85,0.927,10.0,240,,,,25,0.422,0.133
3CCUX33HDA,60,,95,11.5,8.0,88.0,1190,20,20,1580,1060,0.193,0.247,,,1.03+j0.0805,0.171,"15,000",3.67,1.02,13.6,285,,,,25,0.401,0.126
3CCUX33HDA,60,,120,12.9,8.0,91.4,1310,25,25,1640,1100,0.153,0.196,,,0.995+j0.0752,0.184,"14,000",3.55,1.10,17.2,330,,,,25,0.384,0.121
3CCUX33HDA,60,,150,14.3,8.0,94.8,1430,25,25,1710,1140,0.124,0.159,,,0.966+j0.0714,0.197,"13,000",3.46,1.17,21.5,370,,,,25,0.371,0.117
1CCUX33LD,61,1CCUX33LD,50,8.1,8.0,33.0,110,2.5,2.5,590,400,0.641,0.822,,0.160,1.57+ j0.0978,0.139,"18,000",4.08,0.828,4.7,160,,,,,0.508,
1CCUX33LD,61,,70,9.8,8.0,34.7,120,3.5,3.5,630,420,0.443,0.568,,0.147,1.38+ j0.0868,0.155,"16,000",3.85,0.923,6.6,195,,,,,0.469,
1CCUX33LD,61,,95,11.5,8.0,36.6,135,4.8,4.7,660,440,0.320,0.411,,0.140,1.25+ j0.0802,0.170,"15,000",3.67,1.02,9.0,230,,,,,0.447,
1CCUX33LD,61,,120,12.9,8.0,38.0,150,6.0,5.0,680,460,0.253,0.325,,0.136,1.19+ j0.0759,0.183,"14,000",3.56,1.09,11.3,265,,,,,0.431,
1CCUX33LD,61,,150,14.2,8.0,39.5,165,7.5,5.5,710,470,0.206,0.265,,0.132,1.14+ j0.0722,0.195,"13,000",3.46,1.16,14.2,295,,,,,0.419,
1CCUX33LD,61,,185,16.0,8.0,41.3,180,9.3,6.0,740,500,0.164,0.211,,0.126,1.10+ j0.0672,0.211,"12,000",3.36,1.26,17.5,330,,,,,0.401,
1CCUX33LD,61,,240,18.1,8.0,43.6,205,12,6.7,790,520,0.125,0.161,,0.121,1.06+ j0.0629,0.230,"11,000",3.26,1.37,22.7,385,,,,,0.386,
1CCUX33LD,61,,300,20.6,8.0,46.5,235,15,7.6,840,560,0.100,0.129,,0.117,1.03+ j0.0591,0.254,"9,900",3.16,1.52,28.3,435,,,,,0.372,
1CCUX33LD,61,,400,23.5,8.0,50.2,275,20,8.8,900,600,0.0778,0.101,,0.113,1.01+ j0.0561,0.284,"8,800",3.06,1.70,37.8,495,,,,,0.361,
1CCUX33LD,61,,500,26.6,8.0,53.5,320,25,10,960,640,0.0605,0.0797,,0.109,0.996+ j0.0526,0.312,"8,000",2.99,1.86,47.2,565,,,,,0.348,
1CCUX33LD,61,,630,30.2,8.0,57.3,375,25,11,1030,690,0.0469,0.0630,,0.105,0.982+ j0.0492,0.344,"7,200",2.93,2.05,59.5,645,,,,,0.336,
1CALX33HD,62,1CALX33HD,50,8.1,8.0,34.3,125,2.5,2.5,620,410,0.641,0.822,,0.162,1.24+ j0.0992,0.139,"18,000",4.08,0.828,4.7,160,,,,,0.516,
1CALX33HD,62,,70,9.8,8.0,36.2,150,3.5,3.5,650,430,0.443,0.568,,0.150,0.871+ j0.0881,0.155,"16,000",3.85,0.923,6.6,195,,,,,0.478,
1CALX33HD,62,,95,11.5,8.0,37.9,175,4.8,4.8,680,460,0.320,0.411,,0.143,0.635+ j0.0815,0.170,"15,000",3.67,1.02,9.0,230,,,,,0.454,
1CALX33HD,62,,120,12.9,8.0,39.5,195,6.0,5.5,710,470,0.253,0.325,,0.138,0.535+ j0.0771,0.183,"14,000",3.56,1.09,11.3,260,,,,,0.439,
1CALX33HD,62,,150,14.2,8.0,40.8,210,7.5,5.8,730,490,0.206,0.265,,0.134,0.488+ j0.0734,0.195,"13,000",3.46,1.16,14.2,290,,,,,0.426,
1CALX33HD,62,,185,16.0,8.0,42.8,230,9.3,6.4,770,510,0.164,0.211,,0.128,0.446+ j0.0683,0.211,"12,000",3.36,1.26,17.5,330,,,,,0.408,
1CALX33HD,62,,240,18.1,8.0,44.9,250,12,7.1,810,540,0.125,0.161,,0.123,0.407+ j0.0640,0.230,"11,000",3.26,1.37,22.7,380,,,,,0.392,
1CALX33HD,62,,300,20.6,8.0,47.8,280,15,8.0,860,570,0.100,0.129,,0.119,0.382+ j0.0601,0.254,"9,900",3.16,1.52,28.3,425,,,,,0.378,
1CALX33HD,62,,400,23.5,8.0,51.5,320,20,9.3,930,620,0.0778,0.101,,0.115,0.360+ j0.0570,0.284,"8,800",3.06,1.70,37.8,485,,,,,0.366,
1CALX33HD,62,,500,26.6,8.0,54.8,365,25,10,990,660,0.0605,0.0797,,0.111,0.343+ j0.0534,0.312,"8,000",2.99,1.86,47.2,550,,,,,0.353,
1CALX33HD,62,,630,30.2,8.0,58.6,420,25,12,1050,700,0.0469,0.0629,,0.107,0.330+ j0.0500,0.344,"7,200",2.93,2.05,59.5,620,,,,,0.340,
3CALX33LD,63,3CALX33LD,50,8.1,8.0,68.4,350,7.5,7.5,1230,820,0.641,0.822,,,2.57+ j0.0981,0.139,"18,000",4.08,0.831,4.7,150,0.457,0.144,,,,
3CALX33LD,63,,70,9.8,8.0,72.4,400,11,11,1300,870,0.443,0.568,,,2.27+ j0.0871,0.155,"16,000",3.85,0.927,6.6,180,0.422,0.133,,,,
3CALX33LD,63,,95,11.5,8.0,76.3,445,14,14,1370,920,0.320,0.411,,,2.05+ j0.0805,0.171,"15,000",3.67,1.02,9.0,220,0.401,0.126,,,,
3CALX33LD,63,,120,12.9,8.0,79.4,490,18,18,1430,950,0.253,0.325,,,1.89+ j0.0762,0.183,"14,000",3.56,1.09,11.3,250,0.387,0.121,,,,
3CALX33LD,63,,150,14.2,8.0,82.5,535,23,23,1490,990,0.206,0.265,,,1.77+ j0.0724,0.196,"13,000",3.46,1.17,14.2,280,0.375,0.118,,,,
3CALX33LD,63,,185,16.0,8.0,86.5,600,25,25,1560,1040,0.164,0.211,,,1.66+ j0.0674,0.211,"12,000",3.36,1.26,17.5,315,0.359,0.113,,,,
3CALX33LD,63,,240,18.1,8.0,91.5,690,25,25,1650,1100,0.125,0.161,,,1.49+ j0.0632,0.231,"11,000",3.26,1.38,22.7,377,0.345,0.108,,,,
3CALX33LD,63,,300,20.6,8.0,97.6,795,25,25,1760,1170,0.100,0.130,,,1.41+ j0.0593,0.255,"9,900",3.16,1.52,28.3,426,0.332,0.104,,,,
3CCUX33HDA,64,3CCUX33HDA,50,8.1,8.0,79.8,830,7.5,7.5,1440,960,0.641,0.822,,,2.57+j0.0981,0.139,"18,000",4.08,0.831,4.7,150,,,,25,0.457,0.144
3CCUX33HDA,64,,70,9.8,8.0,84.1,910,11,11,1510,1010,0.443,0.568,,,2.27+j0.0871,0.155,"16,000",3.85,0.927,6.6,180,,,,25,0.422,0.133
3CCUX33HDA,64,,95,11.5,8.0,88.0,980,14,14,1580,1060,0.320,0.411,,,2.05+j0.0805,0.171,"15,000",3.67,1.02,9.0,220,,,,25,0.401,0.126
3CCUX33HDA,64,,120,12.9,8.0,91.3,1050,18,18,1640,1100,0.253,0.325,,,1.89+j0.0762,0.183,"14,000",3.56,1.09,11.3,250,,,,25,0.387,0.121
3CCUX33HDA,64,,150,14.2,8.0,94.6,1120,23,23,1700,1140,0.206,0.265,,,1.77+j0.0724,0.196,"13,000",3.46,1.17,14.2,280,,,,25,0.375,0.118
3CALX33HD,65,3CALX33HD,50,8.1,8.0,68.6,355,7.5,7.5,1230,820,0.641,0.822,,,2.46+ j0.0981,0.139,"18,000",4.08,0.831,4.7,145,0.457,0.144,,,,
3CALX33HD,65,,70,9.8,8.0,72.4,410,11,11,1300,870,0.443,0.568,,,1.76+ j0.0871,0.155,"16,000",3.85,0.927,6.6,190,0.422,0.133,,,,
3CALX33HD,65,,95,11.5,8.0,76.3,470,14,14,1370,920,0.320,0.411,,,1.28+ j0.0805,0.171,"15,000",3.67,1.02,9.0,225,0.401,0.126,,,,
3CALX33HD,65,,120,12.9,8.0,79.4,520,18,18,1430,950,0.253,0.325,,,1.09+ j0.0762,0.183,"14,000",3.56,1.09,11.3,255,0.387,0.121,,,,
3CALX33HD,65,,150,14.2,8.0,82.5,565,23,23,1490,990,0.206,0.265,,,1.05+ j0.0724,0.196,"13,000",3.46,1.17,14.2,285,0.375,0.118,,,,
3CALX33HD,65,,185,16.0,8.0,86.5,630,25,25,1560,1040,0.164,0.211,,,1.01+ j0.0674,0.211,"12,000",3.36,1.26,17.5,320,0.359,0.113,,,,
3CALX33HD,65,,240,18.1,8.0,91.5,715,25,25,1650,1100,0.125,0.161,,,0.967+ j0.0632,0.231,"11,000",3.26,1.38,22.7,380,0.345,0.108,,,,
3CALX33HD,65,,300,20.6,8.0,97.6,820,25,25,1760,1170,0.100,0.130,,,0.942+ j0.0593,0.255,"9,900",3.16,1.52,28.3,428,0.332,0.104,,,,
3CALX33HDA,66,3CALX33HDA,50,8.1,8.0,80.0,835,7.5,7.5,1440,960,0.641,0.822,,,2.46+j0.0981,0.139,"18,000",4.08,0.831,4.7,145,,,,25,0.457,0.144
3CALX33HDA,66,,70,9.8,8.0,84.1,920,11,11,1510,1010,0.443,0.568,,,1.76+j0.0871,0.155,"16,000",3.85,0.927,6.6,190,,,,25,0.422,0.133
3CALX33HDA,66,,95,11.5,8.0,88.0,1010,14,14,1580,1060,0.320,0.411,,,1.28+j0.0805,0.171,"15,000",3.67,1.02,9.0,225,,,,25,0.401,0.126
3CALX33HDA,66,,120,12.9,8.0,91.3,1080,18,18,1640,1100,0.253,0.325,,,1.09+j0.0762,0.183,"14,000",3.56,1.09,11.3,255,,,,25,0.387,0.121
3CALX33HDA,66,,150,14.2,8.0,94.6,1150,23,23,1700,1140,0.206,0.265,,,1.05+j0.0724,0.196,"13,000",3.46,1.17,14.2,285,,,,25,0.375,0.118
